[Sun 08/09/2026 17:43:43.03] Starting MT5 Worker... 
'python' is not recognized as an internal or external command,
operable program or batch file.
[Sun 08/09/2026 17:48:32.21] Starting MT5 Worker... 
2026-08-09 17:48:34,330 [WORKER] [INFO] Starting
2026-08-09 17:48:34,331 [WORKER] [INFO] Worker ID      : windows-worker-01
2026-08-09 17:48:34,332 [WORKER] [INFO] API base URL   : https://infinity-trader-api.onrender.com/api/v1
2026-08-09 17:48:34,332 [WORKER] [INFO] Compiler dir   : C:\mt5-license-system\compiler
2026-08-09 17:48:34,332 [WORKER] [INFO] MetaEditor     : C:\Program Files\MetaTrader 5\metaeditor64.exe
2026-08-09 17:48:34,332 [WORKER] [INFO] Poll interval  : 5s
2026-08-09 17:48:34,346 [WORKER] [INFO] compile_ea imported successfully
2026-08-09 17:48:34,346 [WORKER] [INFO] deploy_ex5 imported successfully
2026-08-09 17:48:34,346 [WORKER] [INFO] MetaEditor found: C:\Program Files\MetaTrader 5\metaeditor64.exe
[INFO] Discovering MT5 data folder under: C:\Users\infinityadmin\AppData\Roaming\MetaQuotes\Terminal
2026-08-09 17:48:34,346 Discovering MT5 data folder under: C:\Users\infinityadmin\AppData\Roaming\MetaQuotes\Terminal
[INFO] Examined folders: ['Common', 'Community', 'D0E8209F77C8CF37AD8BF550E51FF075']
2026-08-09 17:48:34,386 Examined folders: ['Common', 'Community', 'D0E8209F77C8CF37AD8BF550E51FF075']
[INFO] Valid MT5 instances found: 1
2026-08-09 17:48:34,386 Valid MT5 instances found: 1
[INFO] Selected MT5 instance: D0E8209F77C8CF37AD8BF550E51FF075  (score=55)
2026-08-09 17:48:34,387 Selected MT5 instance: D0E8209F77C8CF37AD8BF550E51FF075  (score=55)
[INFO] MT5 data folder  : C:\Users\infinityadmin\AppData\Roaming\MetaQuotes\Terminal\D0E8209F77C8CF37AD8BF550E51FF075
2026-08-09 17:48:34,387 MT5 data folder  : C:\Users\infinityadmin\AppData\Roaming\MetaQuotes\Terminal\D0E8209F77C8CF37AD8BF550E51FF075
[INFO] Experts folder   : C:\Users\infinityadmin\AppData\Roaming\MetaQuotes\Terminal\D0E8209F77C8CF37AD8BF550E51FF075\MQL5\Experts
2026-08-09 17:48:34,387 Experts folder   : C:\Users\infinityadmin\AppData\Roaming\MetaQuotes\Terminal\D0E8209F77C8CF37AD8BF550E51FF075\MQL5\Experts
[INFO] origin.txt points to MT5 install: C:\Program Files\MetaTrader 5
2026-08-09 17:48:34,387 origin.txt points to MT5 install: C:\Program Files\MetaTrader 5
2026-08-09 17:48:34,387 [WORKER] [INFO] MT5 instance: D0E8209F77C8CF37AD8BF550E51FF075
2026-08-09 17:48:34,387 [WORKER] [INFO] Experts folder: C:\Users\infinityadmin\AppData\Roaming\MetaQuotes\Terminal\D0E8209F77C8CF37AD8BF550E51FF075\MQL5\Experts
2026-08-09 17:48:34,387 [WORKER] [INFO] All prerequisites verified
2026-08-09 17:48:35,591 [WORKER] [INFO] API connected
2026-08-09 17:48:35,591 [WORKER] [INFO] Polling for jobs
2026-08-09 17:48:36,545 [WORKER] [INFO] Job claimed: 37
2026-08-09 17:48:36,545 [WORKER] [INFO] MT5 ID: 25836914 | Expiry: 2026-09-09 | Plan: EA Basic Plan
2026-08-09 17:48:36,545 [WORKER] [INFO] Compilation started
[INFO] Starting compilation
[INFO] Source MQ5 template : C:\mt5-license-system\compiler\templates\bot.mq5
[INFO] MT5 ID              : 25836914
[INFO] Plan                : EA Basic Plan
[INFO] Expiry (raw)        : '2026-09-09'
[INFO] Expiry (normalized) : 2026-09-09
[INFO] Output MQ5 : C:\mt5-license-system\compiler\output\InfinityTrader_25836914_2026-09-09.mq5
[INFO] Output EX5 : C:\mt5-license-system\compiler\output\InfinityTrader_25836914_2026-09-09.ex5
[INFO] Compilation successful
[INFO] EX5 generated : C:\mt5-license-system\compiler\output\InfinityTrader_25836914_2026-09-09.ex5
[INFO] EX5 size      : 7428 bytes
2026-08-09 17:48:41,402 [WORKER] [INFO] Compilation successful
2026-08-09 17:48:41,402 [WORKER] [INFO] EX5 generated: C:\mt5-license-system\compiler\output\InfinityTrader_25836914_2026-09-09.ex5 (7428 bytes)
2026-08-09 17:48:41,402 [WORKER] [INFO] MT5 deployment started
[INFO] ============================================================
2026-08-09 17:48:41,402 ============================================================
[INFO] Starting EX5 deployment
2026-08-09 17:48:41,402 Starting EX5 deployment
[INFO] ============================================================
2026-08-09 17:48:41,402 ============================================================
[INFO] Source EX5       : C:\mt5-license-system\compiler\output\InfinityTrader_25836914_2026-09-09.ex5
2026-08-09 17:48:41,403 Source EX5       : C:\mt5-license-system\compiler\output\InfinityTrader_25836914_2026-09-09.ex5
[INFO] Source size      : 7428 bytes
2026-08-09 17:48:41,403 Source size      : 7428 bytes
[INFO] Discovering MT5 data folder...
2026-08-09 17:48:41,403 Discovering MT5 data folder...
[INFO] Discovering MT5 data folder under: C:\Users\infinityadmin\AppData\Roaming\MetaQuotes\Terminal
2026-08-09 17:48:41,404 Discovering MT5 data folder under: C:\Users\infinityadmin\AppData\Roaming\MetaQuotes\Terminal
[INFO] Examined folders: ['Common', 'Community', 'D0E8209F77C8CF37AD8BF550E51FF075']
2026-08-09 17:48:41,406 Examined folders: ['Common', 'Community', 'D0E8209F77C8CF37AD8BF550E51FF075']
[INFO] Valid MT5 instances found: 1
2026-08-09 17:48:41,406 Valid MT5 instances found: 1
[INFO] Selected MT5 instance: D0E8209F77C8CF37AD8BF550E51FF075  (score=55)
2026-08-09 17:48:41,406 Selected MT5 instance: D0E8209F77C8CF37AD8BF550E51FF075  (score=55)
[INFO] MT5 data folder  : C:\Users\infinityadmin\AppData\Roaming\MetaQuotes\Terminal\D0E8209F77C8CF37AD8BF550E51FF075
2026-08-09 17:48:41,406 MT5 data folder  : C:\Users\infinityadmin\AppData\Roaming\MetaQuotes\Terminal\D0E8209F77C8CF37AD8BF550E51FF075
[INFO] Experts folder   : C:\Users\infinityadmin\AppData\Roaming\MetaQuotes\Terminal\D0E8209F77C8CF37AD8BF550E51FF075\MQL5\Experts
2026-08-09 17:48:41,406 Experts folder   : C:\Users\infinityadmin\AppData\Roaming\MetaQuotes\Terminal\D0E8209F77C8CF37AD8BF550E51FF075\MQL5\Experts
[INFO] origin.txt points to MT5 install: C:\Program Files\MetaTrader 5
2026-08-09 17:48:41,406 origin.txt points to MT5 install: C:\Program Files\MetaTrader 5
[INFO] Destination path : C:\Users\infinityadmin\AppData\Roaming\MetaQuotes\Terminal\D0E8209F77C8CF37AD8BF550E51FF075\MQL5\Experts\InfinityTrader_25836914_2026-09-09.ex5
2026-08-09 17:48:41,408 Destination path : C:\Users\infinityadmin\AppData\Roaming\MetaQuotes\Terminal\D0E8209F77C8CF37AD8BF550E51FF075\MQL5\Experts\InfinityTrader_25836914_2026-09-09.ex5
[INFO] Calculating source SHA-256...
2026-08-09 17:48:41,408 Calculating source SHA-256...
[INFO] Source SHA-256   : 2053f296a238ea38a103a4fdda5339286b7e1fdc0281e1c6c26f0e17ede7df79
2026-08-09 17:48:41,409 Source SHA-256   : 2053f296a238ea38a103a4fdda5339286b7e1fdc0281e1c6c26f0e17ede7df79
[INFO] Copying EX5 with shutil.copy2()...
2026-08-09 17:48:41,409 Copying EX5 with shutil.copy2()...
[INFO] Destination size : 7428 bytes
2026-08-09 17:48:41,412 Destination size : 7428 bytes
[INFO] File sizes match [OK]
2026-08-09 17:48:41,412 File sizes match [OK]
[INFO] Calculating destination SHA-256...
2026-08-09 17:48:41,412 Calculating destination SHA-256...
[INFO] Destination SHA-256: 2053f296a238ea38a103a4fdda5339286b7e1fdc0281e1c6c26f0e17ede7df79
2026-08-09 17:48:41,422 Destination SHA-256: 2053f296a238ea38a103a4fdda5339286b7e1fdc0281e1c6c26f0e17ede7df79
2026-08-09 17:48:41,422 [WORKER] [ERROR] deploy_ex5() raised an exception for job 37: 'charmap' codec can't encode character '\u2713' in position 28: character maps to <undefined>
2026-08-09 17:48:42,379 [WORKER] [INFO] Failure reported to API for job 37
2026-08-09 17:50:40,959 [WORKER] [INFO] Job claimed: 38
2026-08-09 17:50:40,959 [WORKER] [INFO] MT5 ID: 357159624 | Expiry: 2026-09-09 | Plan: EA Basic Plan
2026-08-09 17:50:40,959 [WORKER] [INFO] Compilation started
[INFO] Starting compilation
[INFO] Source MQ5 template : C:\mt5-license-system\compiler\templates\bot.mq5
[INFO] MT5 ID              : 357159624
[INFO] Plan                : EA Basic Plan
[INFO] Expiry (raw)        : '2026-09-09'
[INFO] Expiry (normalized) : 2026-09-09
[INFO] Output MQ5 : C:\mt5-license-system\compiler\output\InfinityTrader_357159624_2026-09-09.mq5
[INFO] Output EX5 : C:\mt5-license-system\compiler\output\InfinityTrader_357159624_2026-09-09.ex5
[INFO] Compilation successful
[INFO] EX5 generated : C:\mt5-license-system\compiler\output\InfinityTrader_357159624_2026-09-09.ex5
[INFO] EX5 size      : 7534 bytes
2026-08-09 17:50:42,278 [WORKER] [INFO] Compilation successful
2026-08-09 17:50:42,279 [WORKER] [INFO] EX5 generated: C:\mt5-license-system\compiler\output\InfinityTrader_357159624_2026-09-09.ex5 (7534 bytes)
2026-08-09 17:50:42,279 [WORKER] [INFO] MT5 deployment started
[INFO] ============================================================
2026-08-09 17:50:42,279 ============================================================
[INFO] Starting EX5 deployment
2026-08-09 17:50:42,279 Starting EX5 deployment
[INFO] ============================================================
2026-08-09 17:50:42,279 ============================================================
[INFO] Source EX5       : C:\mt5-license-system\compiler\output\InfinityTrader_357159624_2026-09-09.ex5
2026-08-09 17:50:42,279 Source EX5       : C:\mt5-license-system\compiler\output\InfinityTrader_357159624_2026-09-09.ex5
[INFO] Source size      : 7534 bytes
2026-08-09 17:50:42,280 Source size      : 7534 bytes
[INFO] Discovering MT5 data folder...
2026-08-09 17:50:42,280 Discovering MT5 data folder...
[INFO] Discovering MT5 data folder under: C:\Users\infinityadmin\AppData\Roaming\MetaQuotes\Terminal
2026-08-09 17:50:42,280 Discovering MT5 data folder under: C:\Users\infinityadmin\AppData\Roaming\MetaQuotes\Terminal
[INFO] Examined folders: ['Common', 'Community', 'D0E8209F77C8CF37AD8BF550E51FF075']
2026-08-09 17:50:42,283 Examined folders: ['Common', 'Community', 'D0E8209F77C8CF37AD8BF550E51FF075']
[INFO] Valid MT5 instances found: 1
2026-08-09 17:50:42,283 Valid MT5 instances found: 1
[INFO] Selected MT5 instance: D0E8209F77C8CF37AD8BF550E51FF075  (score=55)
2026-08-09 17:50:42,285 Selected MT5 instance: D0E8209F77C8CF37AD8BF550E51FF075  (score=55)
[INFO] MT5 data folder  : C:\Users\infinityadmin\AppData\Roaming\MetaQuotes\Terminal\D0E8209F77C8CF37AD8BF550E51FF075
2026-08-09 17:50:42,285 MT5 data folder  : C:\Users\infinityadmin\AppData\Roaming\MetaQuotes\Terminal\D0E8209F77C8CF37AD8BF550E51FF075
[INFO] Experts folder   : C:\Users\infinityadmin\AppData\Roaming\MetaQuotes\Terminal\D0E8209F77C8CF37AD8BF550E51FF075\MQL5\Experts
2026-08-09 17:50:42,285 Experts folder   : C:\Users\infinityadmin\AppData\Roaming\MetaQuotes\Terminal\D0E8209F77C8CF37AD8BF550E51FF075\MQL5\Experts
[INFO] origin.txt points to MT5 install: C:\Program Files\MetaTrader 5
2026-08-09 17:50:42,285 origin.txt points to MT5 install: C:\Program Files\MetaTrader 5
[INFO] Destination path : C:\Users\infinityadmin\AppData\Roaming\MetaQuotes\Terminal\D0E8209F77C8CF37AD8BF550E51FF075\MQL5\Experts\InfinityTrader_357159624_2026-09-09.ex5
2026-08-09 17:50:42,286 Destination path : C:\Users\infinityadmin\AppData\Roaming\MetaQuotes\Terminal\D0E8209F77C8CF37AD8BF550E51FF075\MQL5\Experts\InfinityTrader_357159624_2026-09-09.ex5
[INFO] Calculating source SHA-256...
2026-08-09 17:50:42,286 Calculating source SHA-256...
[INFO] Source SHA-256   : e2ce0d6018c3b9232b904ca18f562f827b6b3dd15b048af0c20b8f967caf5259
2026-08-09 17:50:42,286 Source SHA-256   : e2ce0d6018c3b9232b904ca18f562f827b6b3dd15b048af0c20b8f967caf5259
[INFO] Copying EX5 with shutil.copy2()...
2026-08-09 17:50:42,286 Copying EX5 with shutil.copy2()...
[INFO] Destination size : 7534 bytes
2026-08-09 17:50:42,290 Destination size : 7534 bytes
[INFO] File sizes match [OK]
2026-08-09 17:50:42,290 File sizes match [OK]
[INFO] Calculating destination SHA-256...
2026-08-09 17:50:42,290 Calculating destination SHA-256...
[INFO] Destination SHA-256: e2ce0d6018c3b9232b904ca18f562f827b6b3dd15b048af0c20b8f967caf5259
2026-08-09 17:50:42,302 Destination SHA-256: e2ce0d6018c3b9232b904ca18f562f827b6b3dd15b048af0c20b8f967caf5259
2026-08-09 17:50:42,303 [WORKER] [ERROR] deploy_ex5() raised an exception for job 38: 'charmap' codec can't encode character '\u2713' in position 28: character maps to <undefined>
2026-08-09 17:50:43,233 [WORKER] [INFO] Failure reported to API for job 38
2026-08-09 17:53:20,854 [WORKER] [INFO] Job claimed: 39
2026-08-09 17:53:20,865 [WORKER] [INFO] MT5 ID: 357412 | Expiry: 2026-09-09 | Plan: EA Basic Plan
2026-08-09 17:53:20,867 [WORKER] [INFO] Compilation started
[INFO] Starting compilation
[INFO] Source MQ5 template : C:\mt5-license-system\compiler\templates\bot.mq5
[INFO] MT5 ID              : 357412
[INFO] Plan                : EA Basic Plan
[INFO] Expiry (raw)        : '2026-09-09'
[INFO] Expiry (normalized) : 2026-09-09
[INFO] Output MQ5 : C:\mt5-license-system\compiler\output\InfinityTrader_357412_2026-09-09.mq5
[INFO] Output EX5 : C:\mt5-license-system\compiler\output\InfinityTrader_357412_2026-09-09.ex5
[INFO] Compilation successful
[INFO] EX5 generated : C:\mt5-license-system\compiler\output\InfinityTrader_357412_2026-09-09.ex5
[INFO] EX5 size      : 7414 bytes
2026-08-09 17:53:22,342 [WORKER] [INFO] Compilation successful
2026-08-09 17:53:22,342 [WORKER] [INFO] EX5 generated: C:\mt5-license-system\compiler\output\InfinityTrader_357412_2026-09-09.ex5 (7414 bytes)
2026-08-09 17:53:22,342 [WORKER] [INFO] MT5 deployment started
[INFO] ============================================================
2026-08-09 17:53:22,342 ============================================================
[INFO] Starting EX5 deployment
2026-08-09 17:53:22,342 Starting EX5 deployment
[INFO] ============================================================
2026-08-09 17:53:22,342 ============================================================
[INFO] Source EX5       : C:\mt5-license-system\compiler\output\InfinityTrader_357412_2026-09-09.ex5
2026-08-09 17:53:22,342 Source EX5       : C:\mt5-license-system\compiler\output\InfinityTrader_357412_2026-09-09.ex5
[INFO] Source size      : 7414 bytes
2026-08-09 17:53:22,342 Source size      : 7414 bytes
[INFO] Discovering MT5 data folder...
2026-08-09 17:53:22,343 Discovering MT5 data folder...
[INFO] Discovering MT5 data folder under: C:\Users\infinityadmin\AppData\Roaming\MetaQuotes\Terminal
2026-08-09 17:53:22,343 Discovering MT5 data folder under: C:\Users\infinityadmin\AppData\Roaming\MetaQuotes\Terminal
[INFO] Examined folders: ['Common', 'Community', 'D0E8209F77C8CF37AD8BF550E51FF075']
2026-08-09 17:53:22,348 Examined folders: ['Common', 'Community', 'D0E8209F77C8CF37AD8BF550E51FF075']
[INFO] Valid MT5 instances found: 1
2026-08-09 17:53:22,348 Valid MT5 instances found: 1
[INFO] Selected MT5 instance: D0E8209F77C8CF37AD8BF550E51FF075  (score=55)
2026-08-09 17:53:22,349 Selected MT5 instance: D0E8209F77C8CF37AD8BF550E51FF075  (score=55)
[INFO] MT5 data folder  : C:\Users\infinityadmin\AppData\Roaming\MetaQuotes\Terminal\D0E8209F77C8CF37AD8BF550E51FF075
2026-08-09 17:53:22,349 MT5 data folder  : C:\Users\infinityadmin\AppData\Roaming\MetaQuotes\Terminal\D0E8209F77C8CF37AD8BF550E51FF075
[INFO] Experts folder   : C:\Users\infinityadmin\AppData\Roaming\MetaQuotes\Terminal\D0E8209F77C8CF37AD8BF550E51FF075\MQL5\Experts
2026-08-09 17:53:22,349 Experts folder   : C:\Users\infinityadmin\AppData\Roaming\MetaQuotes\Terminal\D0E8209F77C8CF37AD8BF550E51FF075\MQL5\Experts
[INFO] origin.txt points to MT5 install: C:\Program Files\MetaTrader 5
2026-08-09 17:53:22,349 origin.txt points to MT5 install: C:\Program Files\MetaTrader 5
[INFO] Destination path : C:\Users\infinityadmin\AppData\Roaming\MetaQuotes\Terminal\D0E8209F77C8CF37AD8BF550E51FF075\MQL5\Experts\InfinityTrader_357412_2026-09-09.ex5
2026-08-09 17:53:22,351 Destination path : C:\Users\infinityadmin\AppData\Roaming\MetaQuotes\Terminal\D0E8209F77C8CF37AD8BF550E51FF075\MQL5\Experts\InfinityTrader_357412_2026-09-09.ex5
[INFO] Calculating source SHA-256...
2026-08-09 17:53:22,351 Calculating source SHA-256...
[INFO] Source SHA-256   : 2083fcd795307c6f4bffc47661490974521b7b74e90705e45120cd80c1f9429a
2026-08-09 17:53:22,352 Source SHA-256   : 2083fcd795307c6f4bffc47661490974521b7b74e90705e45120cd80c1f9429a
[INFO] Copying EX5 with shutil.copy2()...
2026-08-09 17:53:22,352 Copying EX5 with shutil.copy2()...
[INFO] Destination size : 7414 bytes
2026-08-09 17:53:22,356 Destination size : 7414 bytes
[INFO] File sizes match [OK]
2026-08-09 17:53:22,356 File sizes match [OK]
[INFO] Calculating destination SHA-256...
2026-08-09 17:53:22,356 Calculating destination SHA-256...
[INFO] Destination SHA-256: 2083fcd795307c6f4bffc47661490974521b7b74e90705e45120cd80c1f9429a
2026-08-09 17:53:22,366 Destination SHA-256: 2083fcd795307c6f4bffc47661490974521b7b74e90705e45120cd80c1f9429a
2026-08-09 17:53:22,367 [WORKER] [ERROR] deploy_ex5() raised an exception for job 39: 'charmap' codec can't encode character '\u2713' in position 28: character maps to <undefined>
2026-08-09 17:53:23,405 [WORKER] [INFO] Failure reported to API for job 39
2026-08-09 17:56:47,597 [WORKER] [INFO] Job claimed: 40
2026-08-09 17:56:47,602 [WORKER] [INFO] MT5 ID: 123589 | Expiry: 2026-09-09 | Plan: EA Basic Plan
2026-08-09 17:56:47,603 [WORKER] [INFO] Compilation started
[INFO] Starting compilation
[INFO] Source MQ5 template : C:\mt5-license-system\compiler\templates\bot.mq5
[INFO] MT5 ID              : 123589
[INFO] Plan                : EA Basic Plan
[INFO] Expiry (raw)        : '2026-09-09'
[INFO] Expiry (normalized) : 2026-09-09
[INFO] Output MQ5 : C:\mt5-license-system\compiler\output\InfinityTrader_123589_2026-09-09.mq5
[INFO] Output EX5 : C:\mt5-license-system\compiler\output\InfinityTrader_123589_2026-09-09.ex5
[INFO] Compilation successful
[INFO] EX5 generated : C:\mt5-license-system\compiler\output\InfinityTrader_123589_2026-09-09.ex5
[INFO] EX5 size      : 6750 bytes
2026-08-09 17:56:49,104 [WORKER] [INFO] Compilation successful
2026-08-09 17:56:49,104 [WORKER] [INFO] EX5 generated: C:\mt5-license-system\compiler\output\InfinityTrader_123589_2026-09-09.ex5 (6750 bytes)
2026-08-09 17:56:49,104 [WORKER] [INFO] MT5 deployment started
[INFO] ============================================================
2026-08-09 17:56:49,104 ============================================================
[INFO] Starting EX5 deployment
2026-08-09 17:56:49,104 Starting EX5 deployment
[INFO] ============================================================
2026-08-09 17:56:49,104 ============================================================
[INFO] Source EX5       : C:\mt5-license-system\compiler\output\InfinityTrader_123589_2026-09-09.ex5
2026-08-09 17:56:49,104 Source EX5       : C:\mt5-license-system\compiler\output\InfinityTrader_123589_2026-09-09.ex5
[INFO] Source size      : 6750 bytes
2026-08-09 17:56:49,104 Source size      : 6750 bytes
[INFO] Discovering MT5 data folder...
2026-08-09 17:56:49,104 Discovering MT5 data folder...
[INFO] Discovering MT5 data folder under: C:\Users\infinityadmin\AppData\Roaming\MetaQuotes\Terminal
2026-08-09 17:56:49,105 Discovering MT5 data folder under: C:\Users\infinityadmin\AppData\Roaming\MetaQuotes\Terminal
[INFO] Examined folders: ['Common', 'Community', 'D0E8209F77C8CF37AD8BF550E51FF075']
2026-08-09 17:56:49,108 Examined folders: ['Common', 'Community', 'D0E8209F77C8CF37AD8BF550E51FF075']
[INFO] Valid MT5 instances found: 1
2026-08-09 17:56:49,108 Valid MT5 instances found: 1
[INFO] Selected MT5 instance: D0E8209F77C8CF37AD8BF550E51FF075  (score=55)
2026-08-09 17:56:49,108 Selected MT5 instance: D0E8209F77C8CF37AD8BF550E51FF075  (score=55)
[INFO] MT5 data folder  : C:\Users\infinityadmin\AppData\Roaming\MetaQuotes\Terminal\D0E8209F77C8CF37AD8BF550E51FF075
2026-08-09 17:56:49,108 MT5 data folder  : C:\Users\infinityadmin\AppData\Roaming\MetaQuotes\Terminal\D0E8209F77C8CF37AD8BF550E51FF075
[INFO] Experts folder   : C:\Users\infinityadmin\AppData\Roaming\MetaQuotes\Terminal\D0E8209F77C8CF37AD8BF550E51FF075\MQL5\Experts
2026-08-09 17:56:49,108 Experts folder   : C:\Users\infinityadmin\AppData\Roaming\MetaQuotes\Terminal\D0E8209F77C8CF37AD8BF550E51FF075\MQL5\Experts
[INFO] origin.txt points to MT5 install: C:\Program Files\MetaTrader 5
2026-08-09 17:56:49,108 origin.txt points to MT5 install: C:\Program Files\MetaTrader 5
[INFO] Destination path : C:\Users\infinityadmin\AppData\Roaming\MetaQuotes\Terminal\D0E8209F77C8CF37AD8BF550E51FF075\MQL5\Experts\InfinityTrader_123589_2026-09-09.ex5
2026-08-09 17:56:49,110 Destination path : C:\Users\infinityadmin\AppData\Roaming\MetaQuotes\Terminal\D0E8209F77C8CF37AD8BF550E51FF075\MQL5\Experts\InfinityTrader_123589_2026-09-09.ex5
[INFO] Calculating source SHA-256...
2026-08-09 17:56:49,110 Calculating source SHA-256...
[INFO] Source SHA-256   : cb50973e0f52fde0258ea562128f61c1d217f01a3036e555d04367e349c3850e
2026-08-09 17:56:49,111 Source SHA-256   : cb50973e0f52fde0258ea562128f61c1d217f01a3036e555d04367e349c3850e
[INFO] Copying EX5 with shutil.copy2()...
2026-08-09 17:56:49,111 Copying EX5 with shutil.copy2()...
[INFO] Destination size : 6750 bytes
2026-08-09 17:56:49,113 Destination size : 6750 bytes
[INFO] File sizes match [OK]
2026-08-09 17:56:49,113 File sizes match [OK]
[INFO] Calculating destination SHA-256...
2026-08-09 17:56:49,113 Calculating destination SHA-256...
[INFO] Destination SHA-256: cb50973e0f52fde0258ea562128f61c1d217f01a3036e555d04367e349c3850e
2026-08-09 17:56:49,124 Destination SHA-256: cb50973e0f52fde0258ea562128f61c1d217f01a3036e555d04367e349c3850e
2026-08-09 17:56:49,126 [WORKER] [ERROR] deploy_ex5() raised an exception for job 40: 'charmap' codec can't encode character '\u2713' in position 28: character maps to <undefined>
2026-08-09 17:56:50,057 [WORKER] [INFO] Failure reported to API for job 40
[Sun 08/09/2026 17:59:00.63] Starting MT5 Worker... 
2026-08-09 17:59:01,353 [WORKER] [INFO] Starting
2026-08-09 17:59:01,354 [WORKER] [INFO] Worker ID      : windows-worker-01
2026-08-09 17:59:01,354 [WORKER] [INFO] API base URL   : https://infinity-trader-api.onrender.com/api/v1
2026-08-09 17:59:01,354 [WORKER] [INFO] Compiler dir   : C:\mt5-license-system\compiler
2026-08-09 17:59:01,354 [WORKER] [INFO] MetaEditor     : C:\Program Files\MetaTrader 5\metaeditor64.exe
2026-08-09 17:59:01,354 [WORKER] [INFO] Poll interval  : 5s
2026-08-09 17:59:01,369 [WORKER] [INFO] compile_ea imported successfully
2026-08-09 17:59:01,369 [WORKER] [INFO] deploy_ex5 imported successfully
2026-08-09 17:59:01,369 [WORKER] [INFO] MetaEditor found: C:\Program Files\MetaTrader 5\metaeditor64.exe
[INFO] Discovering MT5 data folder under: C:\Users\infinityadmin\AppData\Roaming\MetaQuotes\Terminal
2026-08-09 17:59:01,369 Discovering MT5 data folder under: C:\Users\infinityadmin\AppData\Roaming\MetaQuotes\Terminal
[INFO] Examined folders: ['Common', 'Community', 'D0E8209F77C8CF37AD8BF550E51FF075']
2026-08-09 17:59:01,375 Examined folders: ['Common', 'Community', 'D0E8209F77C8CF37AD8BF550E51FF075']
[INFO] Valid MT5 instances found: 1
2026-08-09 17:59:01,375 Valid MT5 instances found: 1
[INFO] Selected MT5 instance: D0E8209F77C8CF37AD8BF550E51FF075  (score=55)
2026-08-09 17:59:01,376 Selected MT5 instance: D0E8209F77C8CF37AD8BF550E51FF075  (score=55)
[INFO] MT5 data folder  : C:\Users\infinityadmin\AppData\Roaming\MetaQuotes\Terminal\D0E8209F77C8CF37AD8BF550E51FF075
2026-08-09 17:59:01,376 MT5 data folder  : C:\Users\infinityadmin\AppData\Roaming\MetaQuotes\Terminal\D0E8209F77C8CF37AD8BF550E51FF075
[INFO] Experts folder   : C:\Users\infinityadmin\AppData\Roaming\MetaQuotes\Terminal\D0E8209F77C8CF37AD8BF550E51FF075\MQL5\Experts
2026-08-09 17:59:01,376 Experts folder   : C:\Users\infinityadmin\AppData\Roaming\MetaQuotes\Terminal\D0E8209F77C8CF37AD8BF550E51FF075\MQL5\Experts
[INFO] origin.txt points to MT5 install: C:\Program Files\MetaTrader 5
2026-08-09 17:59:01,376 origin.txt points to MT5 install: C:\Program Files\MetaTrader 5
2026-08-09 17:59:01,377 [WORKER] [INFO] MT5 instance: D0E8209F77C8CF37AD8BF550E51FF075
2026-08-09 17:59:01,377 [WORKER] [INFO] Experts folder: C:\Users\infinityadmin\AppData\Roaming\MetaQuotes\Terminal\D0E8209F77C8CF37AD8BF550E51FF075\MQL5\Experts
2026-08-09 17:59:01,377 [WORKER] [INFO] All prerequisites verified
2026-08-09 17:59:02,276 [WORKER] [INFO] API connected
2026-08-09 17:59:02,277 [WORKER] [INFO] Polling for jobs
[Sun 08/09/2026 17:59:17.24] Starting MT5 Worker... 
2026-08-09 17:59:17,764 [WORKER] [INFO] Starting
2026-08-09 17:59:17,765 [WORKER] [INFO] Worker ID      : windows-worker-01
2026-08-09 17:59:17,765 [WORKER] [INFO] API base URL   : https://infinity-trader-api.onrender.com/api/v1
2026-08-09 17:59:17,765 [WORKER] [INFO] Compiler dir   : C:\mt5-license-system\compiler
2026-08-09 17:59:17,765 [WORKER] [INFO] MetaEditor     : C:\Program Files\MetaTrader 5\metaeditor64.exe
2026-08-09 17:59:17,765 [WORKER] [INFO] Poll interval  : 5s
2026-08-09 17:59:17,772 [WORKER] [INFO] compile_ea imported successfully
2026-08-09 17:59:17,772 [WORKER] [INFO] deploy_ex5 imported successfully
2026-08-09 17:59:17,772 [WORKER] [INFO] MetaEditor found: C:\Program Files\MetaTrader 5\metaeditor64.exe
[INFO] Discovering MT5 data folder under: C:\Users\infinityadmin\AppData\Roaming\MetaQuotes\Terminal
2026-08-09 17:59:17,772 Discovering MT5 data folder under: C:\Users\infinityadmin\AppData\Roaming\MetaQuotes\Terminal
[INFO] Examined folders: ['Common', 'Community', 'D0E8209F77C8CF37AD8BF550E51FF075']
2026-08-09 17:59:17,775 Examined folders: ['Common', 'Community', 'D0E8209F77C8CF37AD8BF550E51FF075']
[INFO] Valid MT5 instances found: 1
2026-08-09 17:59:17,775 Valid MT5 instances found: 1
[INFO] Selected MT5 instance: D0E8209F77C8CF37AD8BF550E51FF075  (score=55)
2026-08-09 17:59:17,775 Selected MT5 instance: D0E8209F77C8CF37AD8BF550E51FF075  (score=55)
[INFO] MT5 data folder  : C:\Users\infinityadmin\AppData\Roaming\MetaQuotes\Terminal\D0E8209F77C8CF37AD8BF550E51FF075
2026-08-09 17:59:17,776 MT5 data folder  : C:\Users\infinityadmin\AppData\Roaming\MetaQuotes\Terminal\D0E8209F77C8CF37AD8BF550E51FF075
[INFO] Experts folder   : C:\Users\infinityadmin\AppData\Roaming\MetaQuotes\Terminal\D0E8209F77C8CF37AD8BF550E51FF075\MQL5\Experts
2026-08-09 17:59:17,776 Experts folder   : C:\Users\infinityadmin\AppData\Roaming\MetaQuotes\Terminal\D0E8209F77C8CF37AD8BF550E51FF075\MQL5\Experts
[INFO] origin.txt points to MT5 install: C:\Program Files\MetaTrader 5
2026-08-09 17:59:17,776 origin.txt points to MT5 install: C:\Program Files\MetaTrader 5
2026-08-09 17:59:17,776 [WORKER] [INFO] MT5 instance: D0E8209F77C8CF37AD8BF550E51FF075
2026-08-09 17:59:17,776 [WORKER] [INFO] Experts folder: C:\Users\infinityadmin\AppData\Roaming\MetaQuotes\Terminal\D0E8209F77C8CF37AD8BF550E51FF075\MQL5\Experts
2026-08-09 17:59:17,776 [WORKER] [INFO] All prerequisites verified
2026-08-09 17:59:18,794 [WORKER] [INFO] API connected
2026-08-09 17:59:18,794 [WORKER] [INFO] Polling for jobs
2026-08-09 18:00:36,956 [WORKER] [INFO] Job claimed: 41
2026-08-09 18:00:36,956 [WORKER] [INFO] MT5 ID: 2456317 | Expiry: 2026-09-09 | Plan: EA Basic Plan
2026-08-09 18:00:36,956 [WORKER] [INFO] Compilation started
[INFO] Starting compilation
[INFO] Source MQ5 template : C:\mt5-license-system\compiler\templates\bot.mq5
[INFO] MT5 ID              : 2456317
[INFO] Plan                : EA Basic Plan
[INFO] Expiry (raw)        : '2026-09-09'
[INFO] Expiry (normalized) : 2026-09-09
[INFO] Output MQ5 : C:\mt5-license-system\compiler\output\InfinityTrader_2456317_2026-09-09.mq5
[INFO] Output EX5 : C:\mt5-license-system\compiler\output\InfinityTrader_2456317_2026-09-09.ex5
[INFO] Compilation successful
[INFO] EX5 generated : C:\mt5-license-system\compiler\output\InfinityTrader_2456317_2026-09-09.ex5
[INFO] EX5 size      : 8442 bytes
2026-08-09 18:00:38,478 [WORKER] [INFO] Compilation successful
2026-08-09 18:00:38,478 [WORKER] [INFO] EX5 generated: C:\mt5-license-system\compiler\output\InfinityTrader_2456317_2026-09-09.ex5 (8442 bytes)
2026-08-09 18:00:38,478 [WORKER] [INFO] MT5 deployment started
[INFO] ============================================================
2026-08-09 18:00:38,478 ============================================================
[INFO] Starting EX5 deployment
2026-08-09 18:00:38,478 Starting EX5 deployment
[INFO] ============================================================
2026-08-09 18:00:38,478 ============================================================
[INFO] Source EX5       : C:\mt5-license-system\compiler\output\InfinityTrader_2456317_2026-09-09.ex5
2026-08-09 18:00:38,479 Source EX5       : C:\mt5-license-system\compiler\output\InfinityTrader_2456317_2026-09-09.ex5
[INFO] Source size      : 8442 bytes
2026-08-09 18:00:38,479 Source size      : 8442 bytes
[INFO] Discovering MT5 data folder...
2026-08-09 18:00:38,479 Discovering MT5 data folder...
[INFO] Discovering MT5 data folder under: C:\Users\infinityadmin\AppData\Roaming\MetaQuotes\Terminal
2026-08-09 18:00:38,479 Discovering MT5 data folder under: C:\Users\infinityadmin\AppData\Roaming\MetaQuotes\Terminal
[INFO] Examined folders: ['Common', 'Community', 'D0E8209F77C8CF37AD8BF550E51FF075']
2026-08-09 18:00:38,481 Examined folders: ['Common', 'Community', 'D0E8209F77C8CF37AD8BF550E51FF075']
[INFO] Valid MT5 instances found: 1
2026-08-09 18:00:38,481 Valid MT5 instances found: 1
[INFO] Selected MT5 instance: D0E8209F77C8CF37AD8BF550E51FF075  (score=55)
2026-08-09 18:00:38,481 Selected MT5 instance: D0E8209F77C8CF37AD8BF550E51FF075  (score=55)
[INFO] MT5 data folder  : C:\Users\infinityadmin\AppData\Roaming\MetaQuotes\Terminal\D0E8209F77C8CF37AD8BF550E51FF075
2026-08-09 18:00:38,481 MT5 data folder  : C:\Users\infinityadmin\AppData\Roaming\MetaQuotes\Terminal\D0E8209F77C8CF37AD8BF550E51FF075
[INFO] Experts folder   : C:\Users\infinityadmin\AppData\Roaming\MetaQuotes\Terminal\D0E8209F77C8CF37AD8BF550E51FF075\MQL5\Experts
2026-08-09 18:00:38,481 Experts folder   : C:\Users\infinityadmin\AppData\Roaming\MetaQuotes\Terminal\D0E8209F77C8CF37AD8BF550E51FF075\MQL5\Experts
[INFO] origin.txt points to MT5 install: C:\Program Files\MetaTrader 5
2026-08-09 18:00:38,481 origin.txt points to MT5 install: C:\Program Files\MetaTrader 5
[INFO] Destination path : C:\Users\infinityadmin\AppData\Roaming\MetaQuotes\Terminal\D0E8209F77C8CF37AD8BF550E51FF075\MQL5\Experts\InfinityTrader_2456317_2026-09-09.ex5
2026-08-09 18:00:38,482 Destination path : C:\Users\infinityadmin\AppData\Roaming\MetaQuotes\Terminal\D0E8209F77C8CF37AD8BF550E51FF075\MQL5\Experts\InfinityTrader_2456317_2026-09-09.ex5
[INFO] Calculating source SHA-256...
2026-08-09 18:00:38,482 Calculating source SHA-256...
[INFO] Source SHA-256   : 409e1c2c93d997532ff4e20ca823598bec66d336f7ac188aafae748d2124595f
2026-08-09 18:00:38,483 Source SHA-256   : 409e1c2c93d997532ff4e20ca823598bec66d336f7ac188aafae748d2124595f
[INFO] Copying EX5 with shutil.copy2()...
2026-08-09 18:00:38,483 Copying EX5 with shutil.copy2()...
[INFO] Destination size : 8442 bytes
2026-08-09 18:00:38,486 Destination size : 8442 bytes
[INFO] File sizes match [OK]
2026-08-09 18:00:38,486 File sizes match [OK]
[INFO] Calculating destination SHA-256...
2026-08-09 18:00:38,486 Calculating destination SHA-256...
[INFO] Destination SHA-256: 409e1c2c93d997532ff4e20ca823598bec66d336f7ac188aafae748d2124595f
2026-08-09 18:00:38,497 Destination SHA-256: 409e1c2c93d997532ff4e20ca823598bec66d336f7ac188aafae748d2124595f
[INFO] SHA-256 hashes match [OK]
2026-08-09 18:00:38,498 SHA-256 hashes match [OK]
[SUCCESS] EX5 deployment completed
2026-08-09 18:00:38,498 EX5 deployment completed
[INFO] ============================================================
2026-08-09 18:00:38,498 ============================================================
2026-08-09 18:00:38,498 [WORKER] [INFO] MT5 deployment successful
2026-08-09 18:00:38,498 [WORKER] [INFO] Deployed to: C:\Users\infinityadmin\AppData\Roaming\MetaQuotes\Terminal\D0E8209F77C8CF37AD8BF550E51FF075\MQL5\Experts\InfinityTrader_2456317_2026-09-09.ex5
2026-08-09 18:00:38,498 [WORKER] [INFO] Size: 8442 bytes | SHA-256 match: True
2026-08-09 18:00:38,498 [WORKER] [INFO] Upload started
2026-08-09 18:00:41,728 [WORKER] [INFO] Upload successful
2026-08-09 18:00:41,728 [WORKER] [SUCCESS] Job completed: 41
2026-08-09 18:02:11,680 [WORKER] [INFO] Job claimed: 42
2026-08-09 18:02:11,680 [WORKER] [INFO] MT5 ID: 1235698 | Expiry: 2026-09-09 | Plan: EA Basic Plan
2026-08-09 18:02:11,680 [WORKER] [INFO] Compilation started
[INFO] Starting compilation
[INFO] Source MQ5 template : C:\mt5-license-system\compiler\templates\bot.mq5
[INFO] MT5 ID              : 1235698
[INFO] Plan                : EA Basic Plan
[INFO] Expiry (raw)        : '2026-09-09'
[INFO] Expiry (normalized) : 2026-09-09
[INFO] Output MQ5 : C:\mt5-license-system\compiler\output\InfinityTrader_1235698_2026-09-09.mq5
[INFO] Output EX5 : C:\mt5-license-system\compiler\output\InfinityTrader_1235698_2026-09-09.ex5
[INFO] Compilation successful
[INFO] EX5 generated : C:\mt5-license-system\compiler\output\InfinityTrader_1235698_2026-09-09.ex5
[INFO] EX5 size      : 6484 bytes
2026-08-09 18:02:13,307 [WORKER] [INFO] Compilation successful
2026-08-09 18:02:13,307 [WORKER] [INFO] EX5 generated: C:\mt5-license-system\compiler\output\InfinityTrader_1235698_2026-09-09.ex5 (6484 bytes)
2026-08-09 18:02:13,307 [WORKER] [INFO] MT5 deployment started
[INFO] ============================================================
2026-08-09 18:02:13,307 ============================================================
[INFO] Starting EX5 deployment
2026-08-09 18:02:13,307 Starting EX5 deployment
[INFO] ============================================================
2026-08-09 18:02:13,307 ============================================================
[INFO] Source EX5       : C:\mt5-license-system\compiler\output\InfinityTrader_1235698_2026-09-09.ex5
2026-08-09 18:02:13,308 Source EX5       : C:\mt5-license-system\compiler\output\InfinityTrader_1235698_2026-09-09.ex5
[INFO] Source size      : 6484 bytes
2026-08-09 18:02:13,308 Source size      : 6484 bytes
[INFO] Discovering MT5 data folder...
2026-08-09 18:02:13,308 Discovering MT5 data folder...
[INFO] Discovering MT5 data folder under: C:\Users\infinityadmin\AppData\Roaming\MetaQuotes\Terminal
2026-08-09 18:02:13,308 Discovering MT5 data folder under: C:\Users\infinityadmin\AppData\Roaming\MetaQuotes\Terminal
[INFO] Examined folders: ['Common', 'Community', 'D0E8209F77C8CF37AD8BF550E51FF075']
2026-08-09 18:02:13,309 Examined folders: ['Common', 'Community', 'D0E8209F77C8CF37AD8BF550E51FF075']
[INFO] Valid MT5 instances found: 1
2026-08-09 18:02:13,309 Valid MT5 instances found: 1
[INFO] Selected MT5 instance: D0E8209F77C8CF37AD8BF550E51FF075  (score=55)
2026-08-09 18:02:13,309 Selected MT5 instance: D0E8209F77C8CF37AD8BF550E51FF075  (score=55)
[INFO] MT5 data folder  : C:\Users\infinityadmin\AppData\Roaming\MetaQuotes\Terminal\D0E8209F77C8CF37AD8BF550E51FF075
2026-08-09 18:02:13,309 MT5 data folder  : C:\Users\infinityadmin\AppData\Roaming\MetaQuotes\Terminal\D0E8209F77C8CF37AD8BF550E51FF075
[INFO] Experts folder   : C:\Users\infinityadmin\AppData\Roaming\MetaQuotes\Terminal\D0E8209F77C8CF37AD8BF550E51FF075\MQL5\Experts
2026-08-09 18:02:13,309 Experts folder   : C:\Users\infinityadmin\AppData\Roaming\MetaQuotes\Terminal\D0E8209F77C8CF37AD8BF550E51FF075\MQL5\Experts
[INFO] origin.txt points to MT5 install: C:\Program Files\MetaTrader 5
2026-08-09 18:02:13,309 origin.txt points to MT5 install: C:\Program Files\MetaTrader 5
[INFO] Destination path : C:\Users\infinityadmin\AppData\Roaming\MetaQuotes\Terminal\D0E8209F77C8CF37AD8BF550E51FF075\MQL5\Experts\InfinityTrader_1235698_2026-09-09.ex5
2026-08-09 18:02:13,310 Destination path : C:\Users\infinityadmin\AppData\Roaming\MetaQuotes\Terminal\D0E8209F77C8CF37AD8BF550E51FF075\MQL5\Experts\InfinityTrader_1235698_2026-09-09.ex5
[INFO] Calculating source SHA-256...
2026-08-09 18:02:13,310 Calculating source SHA-256...
[INFO] Source SHA-256   : e4e4f2ced4a1e31ad5ba2c8528fab81da6e3abe7e151773736012446bd19f9f4
2026-08-09 18:02:13,310 Source SHA-256   : e4e4f2ced4a1e31ad5ba2c8528fab81da6e3abe7e151773736012446bd19f9f4
[INFO] Copying EX5 with shutil.copy2()...
2026-08-09 18:02:13,310 Copying EX5 with shutil.copy2()...
[INFO] Destination size : 6484 bytes
2026-08-09 18:02:13,312 Destination size : 6484 bytes
[INFO] File sizes match [OK]
2026-08-09 18:02:13,312 File sizes match [OK]
[INFO] Calculating destination SHA-256...
2026-08-09 18:02:13,312 Calculating destination SHA-256...
[INFO] Destination SHA-256: e4e4f2ced4a1e31ad5ba2c8528fab81da6e3abe7e151773736012446bd19f9f4
2026-08-09 18:02:13,324 Destination SHA-256: e4e4f2ced4a1e31ad5ba2c8528fab81da6e3abe7e151773736012446bd19f9f4
[INFO] SHA-256 hashes match [OK]
2026-08-09 18:02:13,324 SHA-256 hashes match [OK]
[SUCCESS] EX5 deployment completed
2026-08-09 18:02:13,324 EX5 deployment completed
[INFO] ============================================================
2026-08-09 18:02:13,324 ============================================================
2026-08-09 18:02:13,324 [WORKER] [INFO] MT5 deployment successful
2026-08-09 18:02:13,324 [WORKER] [INFO] Deployed to: C:\Users\infinityadmin\AppData\Roaming\MetaQuotes\Terminal\D0E8209F77C8CF37AD8BF550E51FF075\MQL5\Experts\InfinityTrader_1235698_2026-09-09.ex5
2026-08-09 18:02:13,324 [WORKER] [INFO] Size: 6484 bytes | SHA-256 match: True
2026-08-09 18:02:13,324 [WORKER] [INFO] Upload started
2026-08-09 18:02:14,597 [WORKER] [INFO] Upload successful
2026-08-09 18:02:14,597 [WORKER] [SUCCESS] Job completed: 42
2026-08-09 18:07:31,575 [WORKER] [INFO] Job claimed: 43
2026-08-09 18:07:31,580 [WORKER] [INFO] MT5 ID: 5312698 | Expiry: 2026-09-09 | Plan: EA Basic Plan
2026-08-09 18:07:31,581 [WORKER] [INFO] Compilation started
[INFO] Starting compilation
[INFO] Source MQ5 template : C:\mt5-license-system\compiler\templates\bot.mq5
[INFO] MT5 ID              : 5312698
[INFO] Plan                : EA Basic Plan
[INFO] Expiry (raw)        : '2026-09-09'
[INFO] Expiry (normalized) : 2026-09-09
[INFO] Output MQ5 : C:\mt5-license-system\compiler\output\InfinityTrader_5312698_2026-09-09.mq5
[INFO] Output EX5 : C:\mt5-license-system\compiler\output\InfinityTrader_5312698_2026-09-09.ex5
[INFO] Compilation successful
[INFO] EX5 generated : C:\mt5-license-system\compiler\output\InfinityTrader_5312698_2026-09-09.ex5
[INFO] EX5 size      : 7506 bytes
2026-08-09 18:07:33,035 [WORKER] [INFO] Compilation successful
2026-08-09 18:07:33,035 [WORKER] [INFO] EX5 generated: C:\mt5-license-system\compiler\output\InfinityTrader_5312698_2026-09-09.ex5 (7506 bytes)
2026-08-09 18:07:33,035 [WORKER] [INFO] MT5 deployment started
[INFO] ============================================================
2026-08-09 18:07:33,035 ============================================================
[INFO] Starting EX5 deployment
2026-08-09 18:07:33,036 Starting EX5 deployment
[INFO] ============================================================
2026-08-09 18:07:33,036 ============================================================
[INFO] Source EX5       : C:\mt5-license-system\compiler\output\InfinityTrader_5312698_2026-09-09.ex5
2026-08-09 18:07:33,036 Source EX5       : C:\mt5-license-system\compiler\output\InfinityTrader_5312698_2026-09-09.ex5
[INFO] Source size      : 7506 bytes
2026-08-09 18:07:33,036 Source size      : 7506 bytes
[INFO] Discovering MT5 data folder...
2026-08-09 18:07:33,036 Discovering MT5 data folder...
[INFO] Discovering MT5 data folder under: C:\Users\infinityadmin\AppData\Roaming\MetaQuotes\Terminal
2026-08-09 18:07:33,036 Discovering MT5 data folder under: C:\Users\infinityadmin\AppData\Roaming\MetaQuotes\Terminal
[INFO] Examined folders: ['Common', 'Community', 'D0E8209F77C8CF37AD8BF550E51FF075']
2026-08-09 18:07:33,045 Examined folders: ['Common', 'Community', 'D0E8209F77C8CF37AD8BF550E51FF075']
[INFO] Valid MT5 instances found: 1
2026-08-09 18:07:33,045 Valid MT5 instances found: 1
[INFO] Selected MT5 instance: D0E8209F77C8CF37AD8BF550E51FF075  (score=55)
2026-08-09 18:07:33,045 Selected MT5 instance: D0E8209F77C8CF37AD8BF550E51FF075  (score=55)
[INFO] MT5 data folder  : C:\Users\infinityadmin\AppData\Roaming\MetaQuotes\Terminal\D0E8209F77C8CF37AD8BF550E51FF075
2026-08-09 18:07:33,046 MT5 data folder  : C:\Users\infinityadmin\AppData\Roaming\MetaQuotes\Terminal\D0E8209F77C8CF37AD8BF550E51FF075
[INFO] Experts folder   : C:\Users\infinityadmin\AppData\Roaming\MetaQuotes\Terminal\D0E8209F77C8CF37AD8BF550E51FF075\MQL5\Experts
2026-08-09 18:07:33,046 Experts folder   : C:\Users\infinityadmin\AppData\Roaming\MetaQuotes\Terminal\D0E8209F77C8CF37AD8BF550E51FF075\MQL5\Experts
[INFO] origin.txt points to MT5 install: C:\Program Files\MetaTrader 5
2026-08-09 18:07:33,046 origin.txt points to MT5 install: C:\Program Files\MetaTrader 5
[INFO] Destination path : C:\Users\infinityadmin\AppData\Roaming\MetaQuotes\Terminal\D0E8209F77C8CF37AD8BF550E51FF075\MQL5\Experts\InfinityTrader_5312698_2026-09-09.ex5
2026-08-09 18:07:33,048 Destination path : C:\Users\infinityadmin\AppData\Roaming\MetaQuotes\Terminal\D0E8209F77C8CF37AD8BF550E51FF075\MQL5\Experts\InfinityTrader_5312698_2026-09-09.ex5
[INFO] Calculating source SHA-256...
2026-08-09 18:07:33,048 Calculating source SHA-256...
[INFO] Source SHA-256   : f8d9809c6cc6b8f82becdeb5be40a6028ab96acaa16023f264f9eb9aa0622feb
2026-08-09 18:07:33,050 Source SHA-256   : f8d9809c6cc6b8f82becdeb5be40a6028ab96acaa16023f264f9eb9aa0622feb
[INFO] Copying EX5 with shutil.copy2()...
2026-08-09 18:07:33,050 Copying EX5 with shutil.copy2()...
[INFO] Destination size : 7506 bytes
2026-08-09 18:07:33,053 Destination size : 7506 bytes
[INFO] File sizes match [OK]
2026-08-09 18:07:33,053 File sizes match [OK]
[INFO] Calculating destination SHA-256...
2026-08-09 18:07:33,053 Calculating destination SHA-256...
[INFO] Destination SHA-256: f8d9809c6cc6b8f82becdeb5be40a6028ab96acaa16023f264f9eb9aa0622feb
2026-08-09 18:07:33,062 Destination SHA-256: f8d9809c6cc6b8f82becdeb5be40a6028ab96acaa16023f264f9eb9aa0622feb
[INFO] SHA-256 hashes match [OK]
2026-08-09 18:07:33,062 SHA-256 hashes match [OK]
[SUCCESS] EX5 deployment completed
2026-08-09 18:07:33,062 EX5 deployment completed
[INFO] ============================================================
2026-08-09 18:07:33,062 ============================================================
2026-08-09 18:07:33,063 [WORKER] [INFO] MT5 deployment successful
2026-08-09 18:07:33,063 [WORKER] [INFO] Deployed to: C:\Users\infinityadmin\AppData\Roaming\MetaQuotes\Terminal\D0E8209F77C8CF37AD8BF550E51FF075\MQL5\Experts\InfinityTrader_5312698_2026-09-09.ex5
2026-08-09 18:07:33,063 [WORKER] [INFO] Size: 7506 bytes | SHA-256 match: True
2026-08-09 18:07:33,063 [WORKER] [INFO] Upload started
2026-08-09 18:07:35,379 [WORKER] [INFO] Upload successful
2026-08-09 18:07:35,379 [WORKER] [SUCCESS] Job completed: 43
2026-08-09 18:13:48,780 [WORKER] [INFO] Job claimed: 44
2026-08-09 18:13:48,781 [WORKER] [INFO] MT5 ID: 45679754 | Expiry: 2026-09-09 | Plan: EA Basic Plan
2026-08-09 18:13:48,781 [WORKER] [INFO] Compilation started
[INFO] Starting compilation
[INFO] Source MQ5 template : C:\mt5-license-system\compiler\templates\bot.mq5
[INFO] MT5 ID              : 45679754
[INFO] Plan                : EA Basic Plan
[INFO] Expiry (raw)        : '2026-09-09'
[INFO] Expiry (normalized) : 2026-09-09
[INFO] Output MQ5 : C:\mt5-license-system\compiler\output\InfinityTrader_45679754_2026-09-09.mq5
[INFO] Output EX5 : C:\mt5-license-system\compiler\output\InfinityTrader_45679754_2026-09-09.ex5
[INFO] Compilation successful
[INFO] EX5 generated : C:\mt5-license-system\compiler\output\InfinityTrader_45679754_2026-09-09.ex5
[INFO] EX5 size      : 7484 bytes
2026-08-09 18:13:49,635 [WORKER] [INFO] Compilation successful
2026-08-09 18:13:49,636 [WORKER] [INFO] EX5 generated: C:\mt5-license-system\compiler\output\InfinityTrader_45679754_2026-09-09.ex5 (7484 bytes)
2026-08-09 18:13:49,636 [WORKER] [INFO] MT5 deployment started
[INFO] ============================================================
2026-08-09 18:13:49,636 ============================================================
[INFO] Starting EX5 deployment
2026-08-09 18:13:49,636 Starting EX5 deployment
[INFO] ============================================================
2026-08-09 18:13:49,636 ============================================================
[INFO] Source EX5       : C:\mt5-license-system\compiler\output\InfinityTrader_45679754_2026-09-09.ex5
2026-08-09 18:13:49,636 Source EX5       : C:\mt5-license-system\compiler\output\InfinityTrader_45679754_2026-09-09.ex5
[INFO] Source size      : 7484 bytes
2026-08-09 18:13:49,636 Source size      : 7484 bytes
[INFO] Discovering MT5 data folder...
2026-08-09 18:13:49,636 Discovering MT5 data folder...
[INFO] Discovering MT5 data folder under: C:\Users\infinityadmin\AppData\Roaming\MetaQuotes\Terminal
2026-08-09 18:13:49,636 Discovering MT5 data folder under: C:\Users\infinityadmin\AppData\Roaming\MetaQuotes\Terminal
[INFO] Examined folders: ['Common', 'Community', 'D0E8209F77C8CF37AD8BF550E51FF075']
2026-08-09 18:13:49,637 Examined folders: ['Common', 'Community', 'D0E8209F77C8CF37AD8BF550E51FF075']
[INFO] Valid MT5 instances found: 1
2026-08-09 18:13:49,637 Valid MT5 instances found: 1
[INFO] Selected MT5 instance: D0E8209F77C8CF37AD8BF550E51FF075  (score=55)
2026-08-09 18:13:49,638 Selected MT5 instance: D0E8209F77C8CF37AD8BF550E51FF075  (score=55)
[INFO] MT5 data folder  : C:\Users\infinityadmin\AppData\Roaming\MetaQuotes\Terminal\D0E8209F77C8CF37AD8BF550E51FF075
2026-08-09 18:13:49,638 MT5 data folder  : C:\Users\infinityadmin\AppData\Roaming\MetaQuotes\Terminal\D0E8209F77C8CF37AD8BF550E51FF075
[INFO] Experts folder   : C:\Users\infinityadmin\AppData\Roaming\MetaQuotes\Terminal\D0E8209F77C8CF37AD8BF550E51FF075\MQL5\Experts
2026-08-09 18:13:49,638 Experts folder   : C:\Users\infinityadmin\AppData\Roaming\MetaQuotes\Terminal\D0E8209F77C8CF37AD8BF550E51FF075\MQL5\Experts
[INFO] origin.txt points to MT5 install: C:\Program Files\MetaTrader 5
2026-08-09 18:13:49,638 origin.txt points to MT5 install: C:\Program Files\MetaTrader 5
[INFO] Destination path : C:\Users\infinityadmin\AppData\Roaming\MetaQuotes\Terminal\D0E8209F77C8CF37AD8BF550E51FF075\MQL5\Experts\InfinityTrader_45679754_2026-09-09.ex5
2026-08-09 18:13:49,638 Destination path : C:\Users\infinityadmin\AppData\Roaming\MetaQuotes\Terminal\D0E8209F77C8CF37AD8BF550E51FF075\MQL5\Experts\InfinityTrader_45679754_2026-09-09.ex5
[INFO] Calculating source SHA-256...
2026-08-09 18:13:49,638 Calculating source SHA-256...
[INFO] Source SHA-256   : db83a5200d144206144926028389f9ff0570f1eccec22f9e55de86e9a9c9e876
2026-08-09 18:13:49,639 Source SHA-256   : db83a5200d144206144926028389f9ff0570f1eccec22f9e55de86e9a9c9e876
[INFO] Copying EX5 with shutil.copy2()...
2026-08-09 18:13:49,639 Copying EX5 with shutil.copy2()...
[INFO] Destination size : 7484 bytes
2026-08-09 18:13:49,640 Destination size : 7484 bytes
[INFO] File sizes match [OK]
2026-08-09 18:13:49,640 File sizes match [OK]
[INFO] Calculating destination SHA-256...
2026-08-09 18:13:49,640 Calculating destination SHA-256...
[INFO] Destination SHA-256: db83a5200d144206144926028389f9ff0570f1eccec22f9e55de86e9a9c9e876
2026-08-09 18:13:49,648 Destination SHA-256: db83a5200d144206144926028389f9ff0570f1eccec22f9e55de86e9a9c9e876
[INFO] SHA-256 hashes match [OK]
2026-08-09 18:13:49,648 SHA-256 hashes match [OK]
[SUCCESS] EX5 deployment completed
2026-08-09 18:13:49,648 EX5 deployment completed
[INFO] ============================================================
2026-08-09 18:13:49,648 ============================================================
2026-08-09 18:13:49,648 [WORKER] [INFO] MT5 deployment successful
2026-08-09 18:13:49,648 [WORKER] [INFO] Deployed to: C:\Users\infinityadmin\AppData\Roaming\MetaQuotes\Terminal\D0E8209F77C8CF37AD8BF550E51FF075\MQL5\Experts\InfinityTrader_45679754_2026-09-09.ex5
2026-08-09 18:13:49,648 [WORKER] [INFO] Size: 7484 bytes | SHA-256 match: True
2026-08-09 18:13:49,648 [WORKER] [INFO] Upload started
2026-08-09 18:13:51,914 [WORKER] [INFO] Upload successful
2026-08-09 18:13:51,914 [WORKER] [SUCCESS] Job completed: 44
2026-08-09 18:44:58,262 [WORKER] [INFO] Job claimed: 45
2026-08-09 18:44:58,271 [WORKER] [INFO] MT5 ID: 567890 | Expiry: 2026-09-09 | Plan: EA Basic Plan
2026-08-09 18:44:58,272 [WORKER] [INFO] Compilation started
[INFO] Starting compilation
[INFO] Source MQ5 template : C:\mt5-license-system\compiler\templates\bot.mq5
[INFO] MT5 ID              : 567890
[INFO] Plan                : EA Basic Plan
[INFO] Expiry (raw)        : '2026-09-09'
[INFO] Expiry (normalized) : 2026-09-09
[INFO] Output MQ5 : C:\mt5-license-system\compiler\output\InfinityTrader_567890_2026-09-09.mq5
[INFO] Output EX5 : C:\mt5-license-system\compiler\output\InfinityTrader_567890_2026-09-09.ex5
[INFO] Compilation successful
[INFO] EX5 generated : C:\mt5-license-system\compiler\output\InfinityTrader_567890_2026-09-09.ex5
[INFO] EX5 size      : 7194 bytes
2026-08-09 18:44:59,754 [WORKER] [INFO] Compilation successful
2026-08-09 18:44:59,754 [WORKER] [INFO] EX5 generated: C:\mt5-license-system\compiler\output\InfinityTrader_567890_2026-09-09.ex5 (7194 bytes)
2026-08-09 18:44:59,754 [WORKER] [INFO] MT5 deployment started
[INFO] ============================================================
2026-08-09 18:44:59,754 ============================================================
[INFO] Starting EX5 deployment
2026-08-09 18:44:59,754 Starting EX5 deployment
[INFO] ============================================================
2026-08-09 18:44:59,754 ============================================================
[INFO] Source EX5       : C:\mt5-license-system\compiler\output\InfinityTrader_567890_2026-09-09.ex5
2026-08-09 18:44:59,754 Source EX5       : C:\mt5-license-system\compiler\output\InfinityTrader_567890_2026-09-09.ex5
[INFO] Source size      : 7194 bytes
2026-08-09 18:44:59,755 Source size      : 7194 bytes
[INFO] Discovering MT5 data folder...
2026-08-09 18:44:59,755 Discovering MT5 data folder...
[INFO] Discovering MT5 data folder under: C:\Users\infinityadmin\AppData\Roaming\MetaQuotes\Terminal
2026-08-09 18:44:59,755 Discovering MT5 data folder under: C:\Users\infinityadmin\AppData\Roaming\MetaQuotes\Terminal
[INFO] Examined folders: ['Common', 'Community', 'D0E8209F77C8CF37AD8BF550E51FF075']
2026-08-09 18:44:59,758 Examined folders: ['Common', 'Community', 'D0E8209F77C8CF37AD8BF550E51FF075']
[INFO] Valid MT5 instances found: 1
2026-08-09 18:44:59,758 Valid MT5 instances found: 1
[INFO] Selected MT5 instance: D0E8209F77C8CF37AD8BF550E51FF075  (score=55)
2026-08-09 18:44:59,759 Selected MT5 instance: D0E8209F77C8CF37AD8BF550E51FF075  (score=55)
[INFO] MT5 data folder  : C:\Users\infinityadmin\AppData\Roaming\MetaQuotes\Terminal\D0E8209F77C8CF37AD8BF550E51FF075
2026-08-09 18:44:59,759 MT5 data folder  : C:\Users\infinityadmin\AppData\Roaming\MetaQuotes\Terminal\D0E8209F77C8CF37AD8BF550E51FF075
[INFO] Experts folder   : C:\Users\infinityadmin\AppData\Roaming\MetaQuotes\Terminal\D0E8209F77C8CF37AD8BF550E51FF075\MQL5\Experts
2026-08-09 18:44:59,759 Experts folder   : C:\Users\infinityadmin\AppData\Roaming\MetaQuotes\Terminal\D0E8209F77C8CF37AD8BF550E51FF075\MQL5\Experts
[INFO] origin.txt points to MT5 install: C:\Program Files\MetaTrader 5
2026-08-09 18:44:59,759 origin.txt points to MT5 install: C:\Program Files\MetaTrader 5
[INFO] Destination path : C:\Users\infinityadmin\AppData\Roaming\MetaQuotes\Terminal\D0E8209F77C8CF37AD8BF550E51FF075\MQL5\Experts\InfinityTrader_567890_2026-09-09.ex5
2026-08-09 18:44:59,760 Destination path : C:\Users\infinityadmin\AppData\Roaming\MetaQuotes\Terminal\D0E8209F77C8CF37AD8BF550E51FF075\MQL5\Experts\InfinityTrader_567890_2026-09-09.ex5
[INFO] Calculating source SHA-256...
2026-08-09 18:44:59,760 Calculating source SHA-256...
[INFO] Source SHA-256   : b746aecd7bea15b648de6b81b2f25f0439cd0faa3587946bccfb19f71a10241b
2026-08-09 18:44:59,762 Source SHA-256   : b746aecd7bea15b648de6b81b2f25f0439cd0faa3587946bccfb19f71a10241b
[INFO] Copying EX5 with shutil.copy2()...
2026-08-09 18:44:59,762 Copying EX5 with shutil.copy2()...
[INFO] Destination size : 7194 bytes
2026-08-09 18:44:59,765 Destination size : 7194 bytes
[INFO] File sizes match [OK]
2026-08-09 18:44:59,765 File sizes match [OK]
[INFO] Calculating destination SHA-256...
2026-08-09 18:44:59,765 Calculating destination SHA-256...
[INFO] Destination SHA-256: b746aecd7bea15b648de6b81b2f25f0439cd0faa3587946bccfb19f71a10241b
2026-08-09 18:44:59,773 Destination SHA-256: b746aecd7bea15b648de6b81b2f25f0439cd0faa3587946bccfb19f71a10241b
[INFO] SHA-256 hashes match [OK]
2026-08-09 18:44:59,773 SHA-256 hashes match [OK]
[SUCCESS] EX5 deployment completed
2026-08-09 18:44:59,773 EX5 deployment completed
[INFO] ============================================================
2026-08-09 18:44:59,773 ============================================================
2026-08-09 18:44:59,773 [WORKER] [INFO] MT5 deployment successful
2026-08-09 18:44:59,773 [WORKER] [INFO] Deployed to: C:\Users\infinityadmin\AppData\Roaming\MetaQuotes\Terminal\D0E8209F77C8CF37AD8BF550E51FF075\MQL5\Experts\InfinityTrader_567890_2026-09-09.ex5
2026-08-09 18:44:59,774 [WORKER] [INFO] Size: 7194 bytes | SHA-256 match: True
2026-08-09 18:44:59,774 [WORKER] [INFO] Upload started
2026-08-09 18:45:02,040 [WORKER] [INFO] Upload successful
2026-08-09 18:45:02,040 [WORKER] [SUCCESS] Job completed: 45
2026-08-10 03:32:38,612 [WORKER] [INFO] Job claimed: 46
2026-08-10 03:32:38,621 [WORKER] [INFO] MT5 ID: 456784 | Expiry: 2026-09-10 | Plan: EA Basic Plan
2026-08-10 03:32:38,622 [WORKER] [INFO] Compilation started
[INFO] Starting compilation
[INFO] Source MQ5 template : C:\mt5-license-system\compiler\templates\bot.mq5
[INFO] MT5 ID              : 456784
[INFO] Plan                : EA Basic Plan
[INFO] Expiry (raw)        : '2026-09-10'
[INFO] Expiry (normalized) : 2026-09-10
[INFO] Output MQ5 : C:\mt5-license-system\compiler\output\InfinityTrader_456784_2026-09-10.mq5
[INFO] Output EX5 : C:\mt5-license-system\compiler\output\InfinityTrader_456784_2026-09-10.ex5
[INFO] Compilation successful
[INFO] EX5 generated : C:\mt5-license-system\compiler\output\InfinityTrader_456784_2026-09-10.ex5
[INFO] EX5 size      : 7108 bytes
2026-08-10 03:32:40,598 [WORKER] [INFO] Compilation successful
2026-08-10 03:32:40,598 [WORKER] [INFO] EX5 generated: C:\mt5-license-system\compiler\output\InfinityTrader_456784_2026-09-10.ex5 (7108 bytes)
2026-08-10 03:32:40,598 [WORKER] [INFO] MT5 deployment started
[INFO] ============================================================
2026-08-10 03:32:40,598 ============================================================
[INFO] Starting EX5 deployment
2026-08-10 03:32:40,598 Starting EX5 deployment
[INFO] ============================================================
2026-08-10 03:32:40,598 ============================================================
[INFO] Source EX5       : C:\mt5-license-system\compiler\output\InfinityTrader_456784_2026-09-10.ex5
2026-08-10 03:32:40,598 Source EX5       : C:\mt5-license-system\compiler\output\InfinityTrader_456784_2026-09-10.ex5
[INFO] Source size      : 7108 bytes
2026-08-10 03:32:40,598 Source size      : 7108 bytes
[INFO] Discovering MT5 data folder...
2026-08-10 03:32:40,598 Discovering MT5 data folder...
[INFO] Discovering MT5 data folder under: C:\Users\infinityadmin\AppData\Roaming\MetaQuotes\Terminal
2026-08-10 03:32:40,599 Discovering MT5 data folder under: C:\Users\infinityadmin\AppData\Roaming\MetaQuotes\Terminal
[INFO] Examined folders: ['Common', 'Community', 'D0E8209F77C8CF37AD8BF550E51FF075']
2026-08-10 03:32:40,642 Examined folders: ['Common', 'Community', 'D0E8209F77C8CF37AD8BF550E51FF075']
[INFO] Valid MT5 instances found: 1
2026-08-10 03:32:40,642 Valid MT5 instances found: 1
[INFO] Selected MT5 instance: D0E8209F77C8CF37AD8BF550E51FF075  (score=55)
2026-08-10 03:32:40,642 Selected MT5 instance: D0E8209F77C8CF37AD8BF550E51FF075  (score=55)
[INFO] MT5 data folder  : C:\Users\infinityadmin\AppData\Roaming\MetaQuotes\Terminal\D0E8209F77C8CF37AD8BF550E51FF075
2026-08-10 03:32:40,642 MT5 data folder  : C:\Users\infinityadmin\AppData\Roaming\MetaQuotes\Terminal\D0E8209F77C8CF37AD8BF550E51FF075
[INFO] Experts folder   : C:\Users\infinityadmin\AppData\Roaming\MetaQuotes\Terminal\D0E8209F77C8CF37AD8BF550E51FF075\MQL5\Experts
2026-08-10 03:32:40,642 Experts folder   : C:\Users\infinityadmin\AppData\Roaming\MetaQuotes\Terminal\D0E8209F77C8CF37AD8BF550E51FF075\MQL5\Experts
[INFO] origin.txt points to MT5 install: C:\Program Files\MetaTrader 5
2026-08-10 03:32:40,643 origin.txt points to MT5 install: C:\Program Files\MetaTrader 5
[INFO] Destination path : C:\Users\infinityadmin\AppData\Roaming\MetaQuotes\Terminal\D0E8209F77C8CF37AD8BF550E51FF075\MQL5\Experts\InfinityTrader_456784_2026-09-10.ex5
2026-08-10 03:32:40,643 Destination path : C:\Users\infinityadmin\AppData\Roaming\MetaQuotes\Terminal\D0E8209F77C8CF37AD8BF550E51FF075\MQL5\Experts\InfinityTrader_456784_2026-09-10.ex5
[INFO] Calculating source SHA-256...
2026-08-10 03:32:40,644 Calculating source SHA-256...
[INFO] Source SHA-256   : 37f372e02a8e1c9844518d481a436526bc5add117a4f4e71d3e9d54cd3313706
2026-08-10 03:32:40,646 Source SHA-256   : 37f372e02a8e1c9844518d481a436526bc5add117a4f4e71d3e9d54cd3313706
[INFO] Copying EX5 with shutil.copy2()...
2026-08-10 03:32:40,646 Copying EX5 with shutil.copy2()...
[INFO] Destination size : 7108 bytes
2026-08-10 03:32:40,649 Destination size : 7108 bytes
[INFO] File sizes match [OK]
2026-08-10 03:32:40,649 File sizes match [OK]
[INFO] Calculating destination SHA-256...
2026-08-10 03:32:40,649 Calculating destination SHA-256...
[INFO] Destination SHA-256: 37f372e02a8e1c9844518d481a436526bc5add117a4f4e71d3e9d54cd3313706
2026-08-10 03:32:40,674 Destination SHA-256: 37f372e02a8e1c9844518d481a436526bc5add117a4f4e71d3e9d54cd3313706
[INFO] SHA-256 hashes match [OK]
2026-08-10 03:32:40,674 SHA-256 hashes match [OK]
[SUCCESS] EX5 deployment completed
2026-08-10 03:32:40,674 EX5 deployment completed
[INFO] ============================================================
2026-08-10 03:32:40,674 ============================================================
2026-08-10 03:32:40,674 [WORKER] [INFO] MT5 deployment successful
2026-08-10 03:32:40,674 [WORKER] [INFO] Deployed to: C:\Users\infinityadmin\AppData\Roaming\MetaQuotes\Terminal\D0E8209F77C8CF37AD8BF550E51FF075\MQL5\Experts\InfinityTrader_456784_2026-09-10.ex5
2026-08-10 03:32:40,674 [WORKER] [INFO] Size: 7108 bytes | SHA-256 match: True
2026-08-10 03:32:40,674 [WORKER] [INFO] Upload started
2026-08-10 03:32:43,574 [WORKER] [INFO] Upload successful
2026-08-10 03:32:43,574 [WORKER] [SUCCESS] Job completed: 46
2026-08-10 04:27:36,920 [WORKER] [INFO] Job claimed: 47
2026-08-10 04:27:36,930 [WORKER] [INFO] MT5 ID: 76544378 | Expiry: 2026-09-10 | Plan: EA Basic Plan
2026-08-10 04:27:36,931 [WORKER] [INFO] Compilation started
[INFO] Starting compilation
[INFO] Source MQ5 template : C:\mt5-license-system\compiler\templates\bot.mq5
[INFO] MT5 ID              : 76544378
[INFO] Plan                : EA Basic Plan
[INFO] Expiry (raw)        : '2026-09-10'
[INFO] Expiry (normalized) : 2026-09-10
[INFO] Output MQ5 : C:\mt5-license-system\compiler\output\InfinityTrader_76544378_2026-09-10.mq5
[INFO] Output EX5 : C:\mt5-license-system\compiler\output\InfinityTrader_76544378_2026-09-10.ex5
[INFO] Compilation successful
[INFO] EX5 generated : C:\mt5-license-system\compiler\output\InfinityTrader_76544378_2026-09-10.ex5
[INFO] EX5 size      : 6810 bytes
2026-08-10 04:27:38,995 [WORKER] [INFO] Compilation successful
2026-08-10 04:27:38,995 [WORKER] [INFO] EX5 generated: C:\mt5-license-system\compiler\output\InfinityTrader_76544378_2026-09-10.ex5 (6810 bytes)
2026-08-10 04:27:38,995 [WORKER] [INFO] MT5 deployment started
[INFO] ============================================================
2026-08-10 04:27:38,995 ============================================================
[INFO] Starting EX5 deployment
2026-08-10 04:27:38,995 Starting EX5 deployment
[INFO] ============================================================
2026-08-10 04:27:38,995 ============================================================
[INFO] Source EX5       : C:\mt5-license-system\compiler\output\InfinityTrader_76544378_2026-09-10.ex5
2026-08-10 04:27:38,996 Source EX5       : C:\mt5-license-system\compiler\output\InfinityTrader_76544378_2026-09-10.ex5
[INFO] Source size      : 6810 bytes
2026-08-10 04:27:38,996 Source size      : 6810 bytes
[INFO] Discovering MT5 data folder...
2026-08-10 04:27:38,996 Discovering MT5 data folder...
[INFO] Discovering MT5 data folder under: C:\Users\infinityadmin\AppData\Roaming\MetaQuotes\Terminal
2026-08-10 04:27:38,996 Discovering MT5 data folder under: C:\Users\infinityadmin\AppData\Roaming\MetaQuotes\Terminal
[INFO] Examined folders: ['Common', 'Community', 'D0E8209F77C8CF37AD8BF550E51FF075']
2026-08-10 04:27:39,003 Examined folders: ['Common', 'Community', 'D0E8209F77C8CF37AD8BF550E51FF075']
[INFO] Valid MT5 instances found: 1
2026-08-10 04:27:39,003 Valid MT5 instances found: 1
[INFO] Selected MT5 instance: D0E8209F77C8CF37AD8BF550E51FF075  (score=55)
2026-08-10 04:27:39,003 Selected MT5 instance: D0E8209F77C8CF37AD8BF550E51FF075  (score=55)
[INFO] MT5 data folder  : C:\Users\infinityadmin\AppData\Roaming\MetaQuotes\Terminal\D0E8209F77C8CF37AD8BF550E51FF075
2026-08-10 04:27:39,003 MT5 data folder  : C:\Users\infinityadmin\AppData\Roaming\MetaQuotes\Terminal\D0E8209F77C8CF37AD8BF550E51FF075
[INFO] Experts folder   : C:\Users\infinityadmin\AppData\Roaming\MetaQuotes\Terminal\D0E8209F77C8CF37AD8BF550E51FF075\MQL5\Experts
2026-08-10 04:27:39,004 Experts folder   : C:\Users\infinityadmin\AppData\Roaming\MetaQuotes\Terminal\D0E8209F77C8CF37AD8BF550E51FF075\MQL5\Experts
[INFO] origin.txt points to MT5 install: C:\Program Files\MetaTrader 5
2026-08-10 04:27:39,004 origin.txt points to MT5 install: C:\Program Files\MetaTrader 5
[INFO] Destination path : C:\Users\infinityadmin\AppData\Roaming\MetaQuotes\Terminal\D0E8209F77C8CF37AD8BF550E51FF075\MQL5\Experts\InfinityTrader_76544378_2026-09-10.ex5
2026-08-10 04:27:39,005 Destination path : C:\Users\infinityadmin\AppData\Roaming\MetaQuotes\Terminal\D0E8209F77C8CF37AD8BF550E51FF075\MQL5\Experts\InfinityTrader_76544378_2026-09-10.ex5
[INFO] Calculating source SHA-256...
2026-08-10 04:27:39,005 Calculating source SHA-256...
[INFO] Source SHA-256   : 2cbe0d4d80e5f37baca8d826dd6e402c88eb535f082f9b8b60ef32338c5def79
2026-08-10 04:27:39,007 Source SHA-256   : 2cbe0d4d80e5f37baca8d826dd6e402c88eb535f082f9b8b60ef32338c5def79
[INFO] Copying EX5 with shutil.copy2()...
2026-08-10 04:27:39,007 Copying EX5 with shutil.copy2()...
[INFO] Destination size : 6810 bytes
2026-08-10 04:27:39,010 Destination size : 6810 bytes
[INFO] File sizes match [OK]
2026-08-10 04:27:39,010 File sizes match [OK]
[INFO] Calculating destination SHA-256...
2026-08-10 04:27:39,010 Calculating destination SHA-256...
[INFO] Destination SHA-256: 2cbe0d4d80e5f37baca8d826dd6e402c88eb535f082f9b8b60ef32338c5def79
2026-08-10 04:27:39,025 Destination SHA-256: 2cbe0d4d80e5f37baca8d826dd6e402c88eb535f082f9b8b60ef32338c5def79
[INFO] SHA-256 hashes match [OK]
2026-08-10 04:27:39,025 SHA-256 hashes match [OK]
[SUCCESS] EX5 deployment completed
2026-08-10 04:27:39,025 EX5 deployment completed
[INFO] ============================================================
2026-08-10 04:27:39,025 ============================================================
2026-08-10 04:27:39,025 [WORKER] [INFO] MT5 deployment successful
2026-08-10 04:27:39,025 [WORKER] [INFO] Deployed to: C:\Users\infinityadmin\AppData\Roaming\MetaQuotes\Terminal\D0E8209F77C8CF37AD8BF550E51FF075\MQL5\Experts\InfinityTrader_76544378_2026-09-10.ex5
2026-08-10 04:27:39,025 [WORKER] [INFO] Size: 6810 bytes | SHA-256 match: True
2026-08-10 04:27:39,025 [WORKER] [INFO] Upload started
2026-08-10 04:27:41,505 [WORKER] [INFO] Upload successful
2026-08-10 04:27:41,505 [WORKER] [SUCCESS] Job completed: 47
2026-08-10 04:41:53,865 [WORKER] [INFO] Job claimed: 48
2026-08-10 04:41:53,888 [WORKER] [INFO] MT5 ID: 76587687 | Expiry: 2026-08-12 | Plan: standard
2026-08-10 04:41:53,889 [WORKER] [INFO] Compilation started
[INFO] Starting compilation
[INFO] Source MQ5 template : C:\mt5-license-system\compiler\templates\bot.mq5
[INFO] MT5 ID              : 76587687
[INFO] Plan                : standard
[INFO] Expiry (raw)        : '2026-08-12'
[INFO] Expiry (normalized) : 2026-08-12
[INFO] Output MQ5 : C:\mt5-license-system\compiler\output\InfinityTrader_76587687_2026-08-12.mq5
[INFO] Output EX5 : C:\mt5-license-system\compiler\output\InfinityTrader_76587687_2026-08-12.ex5
[INFO] Compilation successful
[INFO] EX5 generated : C:\mt5-license-system\compiler\output\InfinityTrader_76587687_2026-08-12.ex5
[INFO] EX5 size      : 7064 bytes
2026-08-10 04:41:55,666 [WORKER] [INFO] Compilation successful
2026-08-10 04:41:55,666 [WORKER] [INFO] EX5 generated: C:\mt5-license-system\compiler\output\InfinityTrader_76587687_2026-08-12.ex5 (7064 bytes)
2026-08-10 04:41:55,666 [WORKER] [INFO] MT5 deployment started
[INFO] ============================================================
2026-08-10 04:41:55,666 ============================================================
[INFO] Starting EX5 deployment
2026-08-10 04:41:55,666 Starting EX5 deployment
[INFO] ============================================================
2026-08-10 04:41:55,666 ============================================================
[INFO] Source EX5       : C:\mt5-license-system\compiler\output\InfinityTrader_76587687_2026-08-12.ex5
2026-08-10 04:41:55,666 Source EX5       : C:\mt5-license-system\compiler\output\InfinityTrader_76587687_2026-08-12.ex5
[INFO] Source size      : 7064 bytes
2026-08-10 04:41:55,666 Source size      : 7064 bytes
[INFO] Discovering MT5 data folder...
2026-08-10 04:41:55,666 Discovering MT5 data folder...
[INFO] Discovering MT5 data folder under: C:\Users\infinityadmin\AppData\Roaming\MetaQuotes\Terminal
2026-08-10 04:41:55,667 Discovering MT5 data folder under: C:\Users\infinityadmin\AppData\Roaming\MetaQuotes\Terminal
[INFO] Examined folders: ['Common', 'Community', 'D0E8209F77C8CF37AD8BF550E51FF075']
2026-08-10 04:41:55,672 Examined folders: ['Common', 'Community', 'D0E8209F77C8CF37AD8BF550E51FF075']
[INFO] Valid MT5 instances found: 1
2026-08-10 04:41:55,672 Valid MT5 instances found: 1
[INFO] Selected MT5 instance: D0E8209F77C8CF37AD8BF550E51FF075  (score=55)
2026-08-10 04:41:55,672 Selected MT5 instance: D0E8209F77C8CF37AD8BF550E51FF075  (score=55)
[INFO] MT5 data folder  : C:\Users\infinityadmin\AppData\Roaming\MetaQuotes\Terminal\D0E8209F77C8CF37AD8BF550E51FF075
2026-08-10 04:41:55,672 MT5 data folder  : C:\Users\infinityadmin\AppData\Roaming\MetaQuotes\Terminal\D0E8209F77C8CF37AD8BF550E51FF075
[INFO] Experts folder   : C:\Users\infinityadmin\AppData\Roaming\MetaQuotes\Terminal\D0E8209F77C8CF37AD8BF550E51FF075\MQL5\Experts
2026-08-10 04:41:55,672 Experts folder   : C:\Users\infinityadmin\AppData\Roaming\MetaQuotes\Terminal\D0E8209F77C8CF37AD8BF550E51FF075\MQL5\Experts
[INFO] origin.txt points to MT5 install: C:\Program Files\MetaTrader 5
2026-08-10 04:41:55,672 origin.txt points to MT5 install: C:\Program Files\MetaTrader 5
[INFO] Destination path : C:\Users\infinityadmin\AppData\Roaming\MetaQuotes\Terminal\D0E8209F77C8CF37AD8BF550E51FF075\MQL5\Experts\InfinityTrader_76587687_2026-08-12.ex5
2026-08-10 04:41:55,674 Destination path : C:\Users\infinityadmin\AppData\Roaming\MetaQuotes\Terminal\D0E8209F77C8CF37AD8BF550E51FF075\MQL5\Experts\InfinityTrader_76587687_2026-08-12.ex5
[INFO] Calculating source SHA-256...
2026-08-10 04:41:55,674 Calculating source SHA-256...
[INFO] Source SHA-256   : 7c1ac4761e950877afed4ffc26e87e7cddc94133eb4f3d70954193f8020df4a4
2026-08-10 04:41:55,678 Source SHA-256   : 7c1ac4761e950877afed4ffc26e87e7cddc94133eb4f3d70954193f8020df4a4
[INFO] Copying EX5 with shutil.copy2()...
2026-08-10 04:41:55,678 Copying EX5 with shutil.copy2()...
[INFO] Destination size : 7064 bytes
2026-08-10 04:41:55,682 Destination size : 7064 bytes
[INFO] File sizes match [OK]
2026-08-10 04:41:55,682 File sizes match [OK]
[INFO] Calculating destination SHA-256...
2026-08-10 04:41:55,682 Calculating destination SHA-256...
[INFO] Destination SHA-256: 7c1ac4761e950877afed4ffc26e87e7cddc94133eb4f3d70954193f8020df4a4
2026-08-10 04:41:55,693 Destination SHA-256: 7c1ac4761e950877afed4ffc26e87e7cddc94133eb4f3d70954193f8020df4a4
[INFO] SHA-256 hashes match [OK]
2026-08-10 04:41:55,693 SHA-256 hashes match [OK]
[SUCCESS] EX5 deployment completed
2026-08-10 04:41:55,693 EX5 deployment completed
[INFO] ============================================================
2026-08-10 04:41:55,693 ============================================================
2026-08-10 04:41:55,693 [WORKER] [INFO] MT5 deployment successful
2026-08-10 04:41:55,693 [WORKER] [INFO] Deployed to: C:\Users\infinityadmin\AppData\Roaming\MetaQuotes\Terminal\D0E8209F77C8CF37AD8BF550E51FF075\MQL5\Experts\InfinityTrader_76587687_2026-08-12.ex5
2026-08-10 04:41:55,693 [WORKER] [INFO] Size: 7064 bytes | SHA-256 match: True
2026-08-10 04:41:55,693 [WORKER] [INFO] Upload started
2026-08-10 04:41:59,234 [WORKER] [INFO] Upload successful
2026-08-10 04:41:59,234 [WORKER] [SUCCESS] Job completed: 48
2026-08-10 04:48:04,528 [WORKER] [INFO] Job claimed: 49
2026-08-10 04:48:04,539 [WORKER] [INFO] MT5 ID: 67543798 | Expiry: 2026-08-12 | Plan: standard
2026-08-10 04:48:04,541 [WORKER] [INFO] Compilation started
[INFO] Starting compilation
[INFO] Source MQ5 template : C:\mt5-license-system\compiler\templates\bot.mq5
[INFO] MT5 ID              : 67543798
[INFO] Plan                : standard
[INFO] Expiry (raw)        : '2026-08-12'
[INFO] Expiry (normalized) : 2026-08-12
[INFO] Output MQ5 : C:\mt5-license-system\compiler\output\InfinityTrader_67543798_2026-08-12.mq5
[INFO] Output EX5 : C:\mt5-license-system\compiler\output\InfinityTrader_67543798_2026-08-12.ex5
[INFO] Compilation successful
[INFO] EX5 generated : C:\mt5-license-system\compiler\output\InfinityTrader_67543798_2026-08-12.ex5
[INFO] EX5 size      : 6734 bytes
2026-08-10 04:48:06,170 [WORKER] [INFO] Compilation successful
2026-08-10 04:48:06,170 [WORKER] [INFO] EX5 generated: C:\mt5-license-system\compiler\output\InfinityTrader_67543798_2026-08-12.ex5 (6734 bytes)
2026-08-10 04:48:06,170 [WORKER] [INFO] MT5 deployment started
[INFO] ============================================================
2026-08-10 04:48:06,170 ============================================================
[INFO] Starting EX5 deployment
2026-08-10 04:48:06,170 Starting EX5 deployment
[INFO] ============================================================
2026-08-10 04:48:06,170 ============================================================
[INFO] Source EX5       : C:\mt5-license-system\compiler\output\InfinityTrader_67543798_2026-08-12.ex5
2026-08-10 04:48:06,171 Source EX5       : C:\mt5-license-system\compiler\output\InfinityTrader_67543798_2026-08-12.ex5
[INFO] Source size      : 6734 bytes
2026-08-10 04:48:06,171 Source size      : 6734 bytes
[INFO] Discovering MT5 data folder...
2026-08-10 04:48:06,171 Discovering MT5 data folder...
[INFO] Discovering MT5 data folder under: C:\Users\infinityadmin\AppData\Roaming\MetaQuotes\Terminal
2026-08-10 04:48:06,171 Discovering MT5 data folder under: C:\Users\infinityadmin\AppData\Roaming\MetaQuotes\Terminal
[INFO] Examined folders: ['Common', 'Community', 'D0E8209F77C8CF37AD8BF550E51FF075']
2026-08-10 04:48:06,192 Examined folders: ['Common', 'Community', 'D0E8209F77C8CF37AD8BF550E51FF075']
[INFO] Valid MT5 instances found: 1
2026-08-10 04:48:06,192 Valid MT5 instances found: 1
[INFO] Selected MT5 instance: D0E8209F77C8CF37AD8BF550E51FF075  (score=55)
2026-08-10 04:48:06,193 Selected MT5 instance: D0E8209F77C8CF37AD8BF550E51FF075  (score=55)
[INFO] MT5 data folder  : C:\Users\infinityadmin\AppData\Roaming\MetaQuotes\Terminal\D0E8209F77C8CF37AD8BF550E51FF075
2026-08-10 04:48:06,193 MT5 data folder  : C:\Users\infinityadmin\AppData\Roaming\MetaQuotes\Terminal\D0E8209F77C8CF37AD8BF550E51FF075
[INFO] Experts folder   : C:\Users\infinityadmin\AppData\Roaming\MetaQuotes\Terminal\D0E8209F77C8CF37AD8BF550E51FF075\MQL5\Experts
2026-08-10 04:48:06,193 Experts folder   : C:\Users\infinityadmin\AppData\Roaming\MetaQuotes\Terminal\D0E8209F77C8CF37AD8BF550E51FF075\MQL5\Experts
[INFO] origin.txt points to MT5 install: C:\Program Files\MetaTrader 5
2026-08-10 04:48:06,193 origin.txt points to MT5 install: C:\Program Files\MetaTrader 5
[INFO] Destination path : C:\Users\infinityadmin\AppData\Roaming\MetaQuotes\Terminal\D0E8209F77C8CF37AD8BF550E51FF075\MQL5\Experts\InfinityTrader_67543798_2026-08-12.ex5
2026-08-10 04:48:06,196 Destination path : C:\Users\infinityadmin\AppData\Roaming\MetaQuotes\Terminal\D0E8209F77C8CF37AD8BF550E51FF075\MQL5\Experts\InfinityTrader_67543798_2026-08-12.ex5
[INFO] Calculating source SHA-256...
2026-08-10 04:48:06,196 Calculating source SHA-256...
[INFO] Source SHA-256   : 7be9230337ac5eb8c7d630975feb643c518e087cbd72db0550277d57b0b20c7a
2026-08-10 04:48:06,199 Source SHA-256   : 7be9230337ac5eb8c7d630975feb643c518e087cbd72db0550277d57b0b20c7a
[INFO] Copying EX5 with shutil.copy2()...
2026-08-10 04:48:06,199 Copying EX5 with shutil.copy2()...
[INFO] Destination size : 6734 bytes
2026-08-10 04:48:06,205 Destination size : 6734 bytes
[INFO] File sizes match [OK]
2026-08-10 04:48:06,205 File sizes match [OK]
[INFO] Calculating destination SHA-256...
2026-08-10 04:48:06,205 Calculating destination SHA-256...
[INFO] Destination SHA-256: 7be9230337ac5eb8c7d630975feb643c518e087cbd72db0550277d57b0b20c7a
2026-08-10 04:48:06,218 Destination SHA-256: 7be9230337ac5eb8c7d630975feb643c518e087cbd72db0550277d57b0b20c7a
[INFO] SHA-256 hashes match [OK]
2026-08-10 04:48:06,218 SHA-256 hashes match [OK]
[SUCCESS] EX5 deployment completed
2026-08-10 04:48:06,218 EX5 deployment completed
[INFO] ============================================================
2026-08-10 04:48:06,218 ============================================================
2026-08-10 04:48:06,218 [WORKER] [INFO] MT5 deployment successful
2026-08-10 04:48:06,218 [WORKER] [INFO] Deployed to: C:\Users\infinityadmin\AppData\Roaming\MetaQuotes\Terminal\D0E8209F77C8CF37AD8BF550E51FF075\MQL5\Experts\InfinityTrader_67543798_2026-08-12.ex5
2026-08-10 04:48:06,218 [WORKER] [INFO] Size: 6734 bytes | SHA-256 match: True
2026-08-10 04:48:06,218 [WORKER] [INFO] Upload started
2026-08-10 04:48:09,602 [WORKER] [INFO] Upload successful
2026-08-10 04:48:09,602 [WORKER] [SUCCESS] Job completed: 49
2026-08-10 05:58:39,002 [WORKER] [INFO] Job claimed: 50
2026-08-10 05:58:39,013 [WORKER] [INFO] MT5 ID: 654789 | Expiry: 2026-09-10 | Plan: EA Basic Plan
2026-08-10 05:58:39,014 [WORKER] [INFO] Compilation started
[INFO] Starting compilation
[INFO] Source MQ5 template : C:\mt5-license-system\compiler\templates\bot.mq5
[INFO] MT5 ID              : 654789
[INFO] Plan                : EA Basic Plan
[INFO] Expiry (raw)        : '2026-09-10'
[INFO] Expiry (normalized) : 2026-09-10
[INFO] Output MQ5 : C:\mt5-license-system\compiler\output\InfinityTrader_654789_2026-09-10.mq5
[INFO] Output EX5 : C:\mt5-license-system\compiler\output\InfinityTrader_654789_2026-09-10.ex5
[INFO] Compilation successful
[INFO] EX5 generated : C:\mt5-license-system\compiler\output\InfinityTrader_654789_2026-09-10.ex5
[INFO] EX5 size      : 7502 bytes
2026-08-10 05:58:40,675 [WORKER] [INFO] Compilation successful
2026-08-10 05:58:40,676 [WORKER] [INFO] EX5 generated: C:\mt5-license-system\compiler\output\InfinityTrader_654789_2026-09-10.ex5 (7502 bytes)
2026-08-10 05:58:40,676 [WORKER] [INFO] MT5 deployment started
[INFO] ============================================================
2026-08-10 05:58:40,676 ============================================================
[INFO] Starting EX5 deployment
2026-08-10 05:58:40,676 Starting EX5 deployment
[INFO] ============================================================
2026-08-10 05:58:40,676 ============================================================
[INFO] Source EX5       : C:\mt5-license-system\compiler\output\InfinityTrader_654789_2026-09-10.ex5
2026-08-10 05:58:40,676 Source EX5       : C:\mt5-license-system\compiler\output\InfinityTrader_654789_2026-09-10.ex5
[INFO] Source size      : 7502 bytes
2026-08-10 05:58:40,676 Source size      : 7502 bytes
[INFO] Discovering MT5 data folder...
2026-08-10 05:58:40,676 Discovering MT5 data folder...
[INFO] Discovering MT5 data folder under: C:\Users\infinityadmin\AppData\Roaming\MetaQuotes\Terminal
2026-08-10 05:58:40,677 Discovering MT5 data folder under: C:\Users\infinityadmin\AppData\Roaming\MetaQuotes\Terminal
[INFO] Examined folders: ['Common', 'Community', 'D0E8209F77C8CF37AD8BF550E51FF075']
2026-08-10 05:58:40,683 Examined folders: ['Common', 'Community', 'D0E8209F77C8CF37AD8BF550E51FF075']
[INFO] Valid MT5 instances found: 1
2026-08-10 05:58:40,683 Valid MT5 instances found: 1
[INFO] Selected MT5 instance: D0E8209F77C8CF37AD8BF550E51FF075  (score=55)
2026-08-10 05:58:40,684 Selected MT5 instance: D0E8209F77C8CF37AD8BF550E51FF075  (score=55)
[INFO] MT5 data folder  : C:\Users\infinityadmin\AppData\Roaming\MetaQuotes\Terminal\D0E8209F77C8CF37AD8BF550E51FF075
2026-08-10 05:58:40,684 MT5 data folder  : C:\Users\infinityadmin\AppData\Roaming\MetaQuotes\Terminal\D0E8209F77C8CF37AD8BF550E51FF075
[INFO] Experts folder   : C:\Users\infinityadmin\AppData\Roaming\MetaQuotes\Terminal\D0E8209F77C8CF37AD8BF550E51FF075\MQL5\Experts
2026-08-10 05:58:40,684 Experts folder   : C:\Users\infinityadmin\AppData\Roaming\MetaQuotes\Terminal\D0E8209F77C8CF37AD8BF550E51FF075\MQL5\Experts
[INFO] origin.txt points to MT5 install: C:\Program Files\MetaTrader 5
2026-08-10 05:58:40,684 origin.txt points to MT5 install: C:\Program Files\MetaTrader 5
[INFO] Destination path : C:\Users\infinityadmin\AppData\Roaming\MetaQuotes\Terminal\D0E8209F77C8CF37AD8BF550E51FF075\MQL5\Experts\InfinityTrader_654789_2026-09-10.ex5
2026-08-10 05:58:40,686 Destination path : C:\Users\infinityadmin\AppData\Roaming\MetaQuotes\Terminal\D0E8209F77C8CF37AD8BF550E51FF075\MQL5\Experts\InfinityTrader_654789_2026-09-10.ex5
[INFO] Calculating source SHA-256...
2026-08-10 05:58:40,686 Calculating source SHA-256...
[INFO] Source SHA-256   : bf87547b398b4f1f1197ed85542bb03a03949695303ce44852e7d0ac8d20199d
2026-08-10 05:58:40,689 Source SHA-256   : bf87547b398b4f1f1197ed85542bb03a03949695303ce44852e7d0ac8d20199d
[INFO] Copying EX5 with shutil.copy2()...
2026-08-10 05:58:40,690 Copying EX5 with shutil.copy2()...
[INFO] Destination size : 7502 bytes
2026-08-10 05:58:40,706 Destination size : 7502 bytes
[INFO] File sizes match [OK]
2026-08-10 05:58:40,706 File sizes match [OK]
[INFO] Calculating destination SHA-256...
2026-08-10 05:58:40,706 Calculating destination SHA-256...
[INFO] Destination SHA-256: bf87547b398b4f1f1197ed85542bb03a03949695303ce44852e7d0ac8d20199d
2026-08-10 05:58:40,717 Destination SHA-256: bf87547b398b4f1f1197ed85542bb03a03949695303ce44852e7d0ac8d20199d
[INFO] SHA-256 hashes match [OK]
2026-08-10 05:58:40,717 SHA-256 hashes match [OK]
[SUCCESS] EX5 deployment completed
2026-08-10 05:58:40,717 EX5 deployment completed
[INFO] ============================================================
2026-08-10 05:58:40,717 ============================================================
2026-08-10 05:58:40,717 [WORKER] [INFO] MT5 deployment successful
2026-08-10 05:58:40,717 [WORKER] [INFO] Deployed to: C:\Users\infinityadmin\AppData\Roaming\MetaQuotes\Terminal\D0E8209F77C8CF37AD8BF550E51FF075\MQL5\Experts\InfinityTrader_654789_2026-09-10.ex5
2026-08-10 05:58:40,717 [WORKER] [INFO] Size: 7502 bytes | SHA-256 match: True
2026-08-10 05:58:40,717 [WORKER] [INFO] Upload started
2026-08-10 05:58:44,950 [WORKER] [INFO] Upload successful
2026-08-10 05:58:44,950 [WORKER] [SUCCESS] Job completed: 50
2026-08-10 06:23:51,815 [WORKER] [INFO] Job claimed: 51
2026-08-10 06:23:51,823 [WORKER] [INFO] MT5 ID: 76543218 | Expiry: 2026-11-10 | Plan: EA gold (3 months)
2026-08-10 06:23:51,825 [WORKER] [INFO] Compilation started
[INFO] Starting compilation
[INFO] Source MQ5 template : C:\mt5-license-system\compiler\templates\bot.mq5
[INFO] MT5 ID              : 76543218
[INFO] Plan                : EA gold (3 months)
[INFO] Expiry (raw)        : '2026-11-10'
[INFO] Expiry (normalized) : 2026-11-10
[INFO] Output MQ5 : C:\mt5-license-system\compiler\output\InfinityTrader_76543218_2026-11-10.mq5
[INFO] Output EX5 : C:\mt5-license-system\compiler\output\InfinityTrader_76543218_2026-11-10.ex5
[INFO] Compilation successful
[INFO] EX5 generated : C:\mt5-license-system\compiler\output\InfinityTrader_76543218_2026-11-10.ex5
[INFO] EX5 size      : 6938 bytes
2026-08-10 06:23:53,356 [WORKER] [INFO] Compilation successful
2026-08-10 06:23:53,356 [WORKER] [INFO] EX5 generated: C:\mt5-license-system\compiler\output\InfinityTrader_76543218_2026-11-10.ex5 (6938 bytes)
2026-08-10 06:23:53,356 [WORKER] [INFO] MT5 deployment started
[INFO] ============================================================
2026-08-10 06:23:53,356 ============================================================
[INFO] Starting EX5 deployment
2026-08-10 06:23:53,356 Starting EX5 deployment
[INFO] ============================================================
2026-08-10 06:23:53,356 ============================================================
[INFO] Source EX5       : C:\mt5-license-system\compiler\output\InfinityTrader_76543218_2026-11-10.ex5
2026-08-10 06:23:53,356 Source EX5       : C:\mt5-license-system\compiler\output\InfinityTrader_76543218_2026-11-10.ex5
[INFO] Source size      : 6938 bytes
2026-08-10 06:23:53,356 Source size      : 6938 bytes
[INFO] Discovering MT5 data folder...
2026-08-10 06:23:53,356 Discovering MT5 data folder...
[INFO] Discovering MT5 data folder under: C:\Users\infinityadmin\AppData\Roaming\MetaQuotes\Terminal
2026-08-10 06:23:53,356 Discovering MT5 data folder under: C:\Users\infinityadmin\AppData\Roaming\MetaQuotes\Terminal
[INFO] Examined folders: ['Common', 'Community', 'D0E8209F77C8CF37AD8BF550E51FF075']
2026-08-10 06:23:53,360 Examined folders: ['Common', 'Community', 'D0E8209F77C8CF37AD8BF550E51FF075']
[INFO] Valid MT5 instances found: 1
2026-08-10 06:23:53,360 Valid MT5 instances found: 1
[INFO] Selected MT5 instance: D0E8209F77C8CF37AD8BF550E51FF075  (score=55)
2026-08-10 06:23:53,360 Selected MT5 instance: D0E8209F77C8CF37AD8BF550E51FF075  (score=55)
[INFO] MT5 data folder  : C:\Users\infinityadmin\AppData\Roaming\MetaQuotes\Terminal\D0E8209F77C8CF37AD8BF550E51FF075
2026-08-10 06:23:53,361 MT5 data folder  : C:\Users\infinityadmin\AppData\Roaming\MetaQuotes\Terminal\D0E8209F77C8CF37AD8BF550E51FF075
[INFO] Experts folder   : C:\Users\infinityadmin\AppData\Roaming\MetaQuotes\Terminal\D0E8209F77C8CF37AD8BF550E51FF075\MQL5\Experts
2026-08-10 06:23:53,361 Experts folder   : C:\Users\infinityadmin\AppData\Roaming\MetaQuotes\Terminal\D0E8209F77C8CF37AD8BF550E51FF075\MQL5\Experts
[INFO] origin.txt points to MT5 install: C:\Program Files\MetaTrader 5
2026-08-10 06:23:53,361 origin.txt points to MT5 install: C:\Program Files\MetaTrader 5
[INFO] Destination path : C:\Users\infinityadmin\AppData\Roaming\MetaQuotes\Terminal\D0E8209F77C8CF37AD8BF550E51FF075\MQL5\Experts\InfinityTrader_76543218_2026-11-10.ex5
2026-08-10 06:23:53,362 Destination path : C:\Users\infinityadmin\AppData\Roaming\MetaQuotes\Terminal\D0E8209F77C8CF37AD8BF550E51FF075\MQL5\Experts\InfinityTrader_76543218_2026-11-10.ex5
[INFO] Calculating source SHA-256...
2026-08-10 06:23:53,362 Calculating source SHA-256...
[INFO] Source SHA-256   : 829d10c658261cfa276791f1c898578c3f88164646e51dc5cd4d7700e7b809a4
2026-08-10 06:23:53,364 Source SHA-256   : 829d10c658261cfa276791f1c898578c3f88164646e51dc5cd4d7700e7b809a4
[INFO] Copying EX5 with shutil.copy2()...
2026-08-10 06:23:53,364 Copying EX5 with shutil.copy2()...
[INFO] Destination size : 6938 bytes
2026-08-10 06:23:53,367 Destination size : 6938 bytes
[INFO] File sizes match [OK]
2026-08-10 06:23:53,367 File sizes match [OK]
[INFO] Calculating destination SHA-256...
2026-08-10 06:23:53,367 Calculating destination SHA-256...
[INFO] Destination SHA-256: 829d10c658261cfa276791f1c898578c3f88164646e51dc5cd4d7700e7b809a4
2026-08-10 06:23:53,376 Destination SHA-256: 829d10c658261cfa276791f1c898578c3f88164646e51dc5cd4d7700e7b809a4
[INFO] SHA-256 hashes match [OK]
2026-08-10 06:23:53,376 SHA-256 hashes match [OK]
[SUCCESS] EX5 deployment completed
2026-08-10 06:23:53,376 EX5 deployment completed
[INFO] ============================================================
2026-08-10 06:23:53,376 ============================================================
2026-08-10 06:23:53,376 [WORKER] [INFO] MT5 deployment successful
2026-08-10 06:23:53,376 [WORKER] [INFO] Deployed to: C:\Users\infinityadmin\AppData\Roaming\MetaQuotes\Terminal\D0E8209F77C8CF37AD8BF550E51FF075\MQL5\Experts\InfinityTrader_76543218_2026-11-10.ex5
2026-08-10 06:23:53,377 [WORKER] [INFO] Size: 6938 bytes | SHA-256 match: True
2026-08-10 06:23:53,377 [WORKER] [INFO] Upload started
2026-08-10 06:23:55,330 [WORKER] [INFO] Upload successful
2026-08-10 06:23:55,330 [WORKER] [SUCCESS] Job completed: 51
2026-08-10 11:30:14,671 [WORKER] [INFO] Job claimed: 52
2026-08-10 11:30:14,682 [WORKER] [INFO] MT5 ID: 78904321 | Expiry: 2026-11-10 | Plan: EA gold (3 months)
2026-08-10 11:30:14,683 [WORKER] [INFO] Compilation started
[INFO] Starting compilation
[INFO] Source MQ5 template : C:\mt5-license-system\compiler\templates\bot.mq5
[INFO] MT5 ID              : 78904321
[INFO] Plan                : EA gold (3 months)
[INFO] Expiry (raw)        : '2026-11-10'
[INFO] Expiry (normalized) : 2026-11-10
[INFO] Output MQ5 : C:\mt5-license-system\compiler\output\InfinityTrader_78904321_2026-11-10.mq5
[INFO] Output EX5 : C:\mt5-license-system\compiler\output\InfinityTrader_78904321_2026-11-10.ex5
[INFO] Compilation successful
[INFO] EX5 generated : C:\mt5-license-system\compiler\output\InfinityTrader_78904321_2026-11-10.ex5
[INFO] EX5 size      : 7130 bytes
2026-08-10 11:30:16,153 [WORKER] [INFO] Compilation successful
2026-08-10 11:30:16,153 [WORKER] [INFO] EX5 generated: C:\mt5-license-system\compiler\output\InfinityTrader_78904321_2026-11-10.ex5 (7130 bytes)
2026-08-10 11:30:16,154 [WORKER] [INFO] MT5 deployment started
[INFO] ============================================================
2026-08-10 11:30:16,154 ============================================================
[INFO] Starting EX5 deployment
2026-08-10 11:30:16,154 Starting EX5 deployment
[INFO] ============================================================
2026-08-10 11:30:16,154 ============================================================
[INFO] Source EX5       : C:\mt5-license-system\compiler\output\InfinityTrader_78904321_2026-11-10.ex5
2026-08-10 11:30:16,154 Source EX5       : C:\mt5-license-system\compiler\output\InfinityTrader_78904321_2026-11-10.ex5
[INFO] Source size      : 7130 bytes
2026-08-10 11:30:16,154 Source size      : 7130 bytes
[INFO] Discovering MT5 data folder...
2026-08-10 11:30:16,154 Discovering MT5 data folder...
[INFO] Discovering MT5 data folder under: C:\Users\infinityadmin\AppData\Roaming\MetaQuotes\Terminal
2026-08-10 11:30:16,154 Discovering MT5 data folder under: C:\Users\infinityadmin\AppData\Roaming\MetaQuotes\Terminal
[INFO] Examined folders: ['Common', 'Community', 'D0E8209F77C8CF37AD8BF550E51FF075']
2026-08-10 11:30:16,161 Examined folders: ['Common', 'Community', 'D0E8209F77C8CF37AD8BF550E51FF075']
[INFO] Valid MT5 instances found: 1
2026-08-10 11:30:16,161 Valid MT5 instances found: 1
[INFO] Selected MT5 instance: D0E8209F77C8CF37AD8BF550E51FF075  (score=55)
2026-08-10 11:30:16,162 Selected MT5 instance: D0E8209F77C8CF37AD8BF550E51FF075  (score=55)
[INFO] MT5 data folder  : C:\Users\infinityadmin\AppData\Roaming\MetaQuotes\Terminal\D0E8209F77C8CF37AD8BF550E51FF075
2026-08-10 11:30:16,163 MT5 data folder  : C:\Users\infinityadmin\AppData\Roaming\MetaQuotes\Terminal\D0E8209F77C8CF37AD8BF550E51FF075
[INFO] Experts folder   : C:\Users\infinityadmin\AppData\Roaming\MetaQuotes\Terminal\D0E8209F77C8CF37AD8BF550E51FF075\MQL5\Experts
2026-08-10 11:30:16,163 Experts folder   : C:\Users\infinityadmin\AppData\Roaming\MetaQuotes\Terminal\D0E8209F77C8CF37AD8BF550E51FF075\MQL5\Experts
[INFO] origin.txt points to MT5 install: C:\Program Files\MetaTrader 5
2026-08-10 11:30:16,163 origin.txt points to MT5 install: C:\Program Files\MetaTrader 5
[INFO] Destination path : C:\Users\infinityadmin\AppData\Roaming\MetaQuotes\Terminal\D0E8209F77C8CF37AD8BF550E51FF075\MQL5\Experts\InfinityTrader_78904321_2026-11-10.ex5
2026-08-10 11:30:16,164 Destination path : C:\Users\infinityadmin\AppData\Roaming\MetaQuotes\Terminal\D0E8209F77C8CF37AD8BF550E51FF075\MQL5\Experts\InfinityTrader_78904321_2026-11-10.ex5
[INFO] Calculating source SHA-256...
2026-08-10 11:30:16,164 Calculating source SHA-256...
[INFO] Source SHA-256   : 5f787b6868a95616eb3166bd7b4fa9696b88599341d9998347800f593505334b
2026-08-10 11:30:16,166 Source SHA-256   : 5f787b6868a95616eb3166bd7b4fa9696b88599341d9998347800f593505334b
[INFO] Copying EX5 with shutil.copy2()...
2026-08-10 11:30:16,166 Copying EX5 with shutil.copy2()...
[INFO] Destination size : 7130 bytes
2026-08-10 11:30:16,170 Destination size : 7130 bytes
[INFO] File sizes match [OK]
2026-08-10 11:30:16,170 File sizes match [OK]
[INFO] Calculating destination SHA-256...
2026-08-10 11:30:16,170 Calculating destination SHA-256...
[INFO] Destination SHA-256: 5f787b6868a95616eb3166bd7b4fa9696b88599341d9998347800f593505334b
2026-08-10 11:30:16,181 Destination SHA-256: 5f787b6868a95616eb3166bd7b4fa9696b88599341d9998347800f593505334b
[INFO] SHA-256 hashes match [OK]
2026-08-10 11:30:16,181 SHA-256 hashes match [OK]
[SUCCESS] EX5 deployment completed
2026-08-10 11:30:16,181 EX5 deployment completed
[INFO] ============================================================
2026-08-10 11:30:16,181 ============================================================
2026-08-10 11:30:16,181 [WORKER] [INFO] MT5 deployment successful
2026-08-10 11:30:16,181 [WORKER] [INFO] Deployed to: C:\Users\infinityadmin\AppData\Roaming\MetaQuotes\Terminal\D0E8209F77C8CF37AD8BF550E51FF075\MQL5\Experts\InfinityTrader_78904321_2026-11-10.ex5
2026-08-10 11:30:16,181 [WORKER] [INFO] Size: 7130 bytes | SHA-256 match: True
2026-08-10 11:30:16,181 [WORKER] [INFO] Upload started
2026-08-10 11:30:18,655 [WORKER] [INFO] Upload successful
2026-08-10 11:30:18,655 [WORKER] [SUCCESS] Job completed: 52
2026-08-10 14:53:59,837 [WORKER] [INFO] Job claimed: 53
2026-08-10 14:53:59,848 [WORKER] [INFO] MT5 ID: 3571596240 | Expiry: 2026-11-10 | Plan: EA gold (3 months)
2026-08-10 14:53:59,849 [WORKER] [INFO] Compilation started
[INFO] Starting compilation
[INFO] Source MQ5 template : C:\mt5-license-system\compiler\templates\bot.mq5
[INFO] MT5 ID              : 3571596240
[INFO] Plan                : EA gold (3 months)
[INFO] Expiry (raw)        : '2026-11-10'
[INFO] Expiry (normalized) : 2026-11-10
[INFO] Output MQ5 : C:\mt5-license-system\compiler\output\InfinityTrader_3571596240_2026-11-10.mq5
[INFO] Output EX5 : C:\mt5-license-system\compiler\output\InfinityTrader_3571596240_2026-11-10.ex5
[INFO] Compilation successful
[INFO] EX5 generated : C:\mt5-license-system\compiler\output\InfinityTrader_3571596240_2026-11-10.ex5
[INFO] EX5 size      : 6792 bytes
2026-08-10 14:54:01,434 [WORKER] [INFO] Compilation successful
2026-08-10 14:54:01,434 [WORKER] [INFO] EX5 generated: C:\mt5-license-system\compiler\output\InfinityTrader_3571596240_2026-11-10.ex5 (6792 bytes)
2026-08-10 14:54:01,434 [WORKER] [INFO] MT5 deployment started
[INFO] ============================================================
2026-08-10 14:54:01,434 ============================================================
[INFO] Starting EX5 deployment
2026-08-10 14:54:01,434 Starting EX5 deployment
[INFO] ============================================================
2026-08-10 14:54:01,434 ============================================================
[INFO] Source EX5       : C:\mt5-license-system\compiler\output\InfinityTrader_3571596240_2026-11-10.ex5
2026-08-10 14:54:01,434 Source EX5       : C:\mt5-license-system\compiler\output\InfinityTrader_3571596240_2026-11-10.ex5
[INFO] Source size      : 6792 bytes
2026-08-10 14:54:01,434 Source size      : 6792 bytes
[INFO] Discovering MT5 data folder...
2026-08-10 14:54:01,434 Discovering MT5 data folder...
[INFO] Discovering MT5 data folder under: C:\Users\infinityadmin\AppData\Roaming\MetaQuotes\Terminal
2026-08-10 14:54:01,435 Discovering MT5 data folder under: C:\Users\infinityadmin\AppData\Roaming\MetaQuotes\Terminal
[INFO] Examined folders: ['Common', 'Community', 'D0E8209F77C8CF37AD8BF550E51FF075']
2026-08-10 14:54:01,442 Examined folders: ['Common', 'Community', 'D0E8209F77C8CF37AD8BF550E51FF075']
[INFO] Valid MT5 instances found: 1
2026-08-10 14:54:01,442 Valid MT5 instances found: 1
[INFO] Selected MT5 instance: D0E8209F77C8CF37AD8BF550E51FF075  (score=55)
2026-08-10 14:54:01,442 Selected MT5 instance: D0E8209F77C8CF37AD8BF550E51FF075  (score=55)
[INFO] MT5 data folder  : C:\Users\infinityadmin\AppData\Roaming\MetaQuotes\Terminal\D0E8209F77C8CF37AD8BF550E51FF075
2026-08-10 14:54:01,443 MT5 data folder  : C:\Users\infinityadmin\AppData\Roaming\MetaQuotes\Terminal\D0E8209F77C8CF37AD8BF550E51FF075
[INFO] Experts folder   : C:\Users\infinityadmin\AppData\Roaming\MetaQuotes\Terminal\D0E8209F77C8CF37AD8BF550E51FF075\MQL5\Experts
2026-08-10 14:54:01,443 Experts folder   : C:\Users\infinityadmin\AppData\Roaming\MetaQuotes\Terminal\D0E8209F77C8CF37AD8BF550E51FF075\MQL5\Experts
[INFO] origin.txt points to MT5 install: C:\Program Files\MetaTrader 5
2026-08-10 14:54:01,443 origin.txt points to MT5 install: C:\Program Files\MetaTrader 5
[INFO] Destination path : C:\Users\infinityadmin\AppData\Roaming\MetaQuotes\Terminal\D0E8209F77C8CF37AD8BF550E51FF075\MQL5\Experts\InfinityTrader_3571596240_2026-11-10.ex5
2026-08-10 14:54:01,444 Destination path : C:\Users\infinityadmin\AppData\Roaming\MetaQuotes\Terminal\D0E8209F77C8CF37AD8BF550E51FF075\MQL5\Experts\InfinityTrader_3571596240_2026-11-10.ex5
[INFO] Calculating source SHA-256...
2026-08-10 14:54:01,444 Calculating source SHA-256...
[INFO] Source SHA-256   : 80a75e07e1a05cbe4e500bd60b648837caff482240e350366ec0c59f7db13713
2026-08-10 14:54:01,446 Source SHA-256   : 80a75e07e1a05cbe4e500bd60b648837caff482240e350366ec0c59f7db13713
[INFO] Copying EX5 with shutil.copy2()...
2026-08-10 14:54:01,446 Copying EX5 with shutil.copy2()...
[INFO] Destination size : 6792 bytes
2026-08-10 14:54:01,450 Destination size : 6792 bytes
[INFO] File sizes match [OK]
2026-08-10 14:54:01,450 File sizes match [OK]
[INFO] Calculating destination SHA-256...
2026-08-10 14:54:01,450 Calculating destination SHA-256...
[INFO] Destination SHA-256: 80a75e07e1a05cbe4e500bd60b648837caff482240e350366ec0c59f7db13713
2026-08-10 14:54:01,461 Destination SHA-256: 80a75e07e1a05cbe4e500bd60b648837caff482240e350366ec0c59f7db13713
[INFO] SHA-256 hashes match [OK]
2026-08-10 14:54:01,461 SHA-256 hashes match [OK]
[SUCCESS] EX5 deployment completed
2026-08-10 14:54:01,461 EX5 deployment completed
[INFO] ============================================================
2026-08-10 14:54:01,461 ============================================================
2026-08-10 14:54:01,461 [WORKER] [INFO] MT5 deployment successful
2026-08-10 14:54:01,461 [WORKER] [INFO] Deployed to: C:\Users\infinityadmin\AppData\Roaming\MetaQuotes\Terminal\D0E8209F77C8CF37AD8BF550E51FF075\MQL5\Experts\InfinityTrader_3571596240_2026-11-10.ex5
2026-08-10 14:54:01,461 [WORKER] [INFO] Size: 6792 bytes | SHA-256 match: True
2026-08-10 14:54:01,461 [WORKER] [INFO] Upload started
2026-08-10 14:54:03,543 [WORKER] [INFO] Upload successful
2026-08-10 14:54:03,544 [WORKER] [SUCCESS] Job completed: 53
2026-08-10 15:33:09,103 [WORKER] [INFO] Job claimed: 54
2026-08-10 15:33:09,114 [WORKER] [INFO] MT5 ID: 1123365 | Expiry: 2026-11-10 | Plan: EA gold (3 months)
2026-08-10 15:33:09,115 [WORKER] [INFO] Compilation started
[INFO] Starting compilation
[INFO] Source MQ5 template : C:\mt5-license-system\compiler\templates\bot.mq5
[INFO] MT5 ID              : 1123365
[INFO] Plan                : EA gold (3 months)
[INFO] Expiry (raw)        : '2026-11-10'
[INFO] Expiry (normalized) : 2026-11-10
[INFO] Output MQ5 : C:\mt5-license-system\compiler\output\InfinityTrader_1123365_2026-11-10.mq5
[INFO] Output EX5 : C:\mt5-license-system\compiler\output\InfinityTrader_1123365_2026-11-10.ex5
[INFO] Compilation successful
[INFO] EX5 generated : C:\mt5-license-system\compiler\output\InfinityTrader_1123365_2026-11-10.ex5
[INFO] EX5 size      : 7880 bytes
2026-08-10 15:33:10,862 [WORKER] [INFO] Compilation successful
2026-08-10 15:33:10,862 [WORKER] [INFO] EX5 generated: C:\mt5-license-system\compiler\output\InfinityTrader_1123365_2026-11-10.ex5 (7880 bytes)
2026-08-10 15:33:10,863 [WORKER] [INFO] MT5 deployment started
[INFO] ============================================================
2026-08-10 15:33:10,863 ============================================================
[INFO] Starting EX5 deployment
2026-08-10 15:33:10,863 Starting EX5 deployment
[INFO] ============================================================
2026-08-10 15:33:10,863 ============================================================
[INFO] Source EX5       : C:\mt5-license-system\compiler\output\InfinityTrader_1123365_2026-11-10.ex5
2026-08-10 15:33:10,863 Source EX5       : C:\mt5-license-system\compiler\output\InfinityTrader_1123365_2026-11-10.ex5
[INFO] Source size      : 7880 bytes
2026-08-10 15:33:10,863 Source size      : 7880 bytes
[INFO] Discovering MT5 data folder...
2026-08-10 15:33:10,863 Discovering MT5 data folder...
[INFO] Discovering MT5 data folder under: C:\Users\infinityadmin\AppData\Roaming\MetaQuotes\Terminal
2026-08-10 15:33:10,863 Discovering MT5 data folder under: C:\Users\infinityadmin\AppData\Roaming\MetaQuotes\Terminal
[INFO] Examined folders: ['Common', 'Community', 'D0E8209F77C8CF37AD8BF550E51FF075']
2026-08-10 15:33:10,883 Examined folders: ['Common', 'Community', 'D0E8209F77C8CF37AD8BF550E51FF075']
[INFO] Valid MT5 instances found: 1
2026-08-10 15:33:10,883 Valid MT5 instances found: 1
[INFO] Selected MT5 instance: D0E8209F77C8CF37AD8BF550E51FF075  (score=55)
2026-08-10 15:33:10,883 Selected MT5 instance: D0E8209F77C8CF37AD8BF550E51FF075  (score=55)
[INFO] MT5 data folder  : C:\Users\infinityadmin\AppData\Roaming\MetaQuotes\Terminal\D0E8209F77C8CF37AD8BF550E51FF075
2026-08-10 15:33:10,883 MT5 data folder  : C:\Users\infinityadmin\AppData\Roaming\MetaQuotes\Terminal\D0E8209F77C8CF37AD8BF550E51FF075
[INFO] Experts folder   : C:\Users\infinityadmin\AppData\Roaming\MetaQuotes\Terminal\D0E8209F77C8CF37AD8BF550E51FF075\MQL5\Experts
2026-08-10 15:33:10,883 Experts folder   : C:\Users\infinityadmin\AppData\Roaming\MetaQuotes\Terminal\D0E8209F77C8CF37AD8BF550E51FF075\MQL5\Experts
[INFO] origin.txt points to MT5 install: C:\Program Files\MetaTrader 5
2026-08-10 15:33:10,884 origin.txt points to MT5 install: C:\Program Files\MetaTrader 5
[INFO] Destination path : C:\Users\infinityadmin\AppData\Roaming\MetaQuotes\Terminal\D0E8209F77C8CF37AD8BF550E51FF075\MQL5\Experts\InfinityTrader_1123365_2026-11-10.ex5
2026-08-10 15:33:10,885 Destination path : C:\Users\infinityadmin\AppData\Roaming\MetaQuotes\Terminal\D0E8209F77C8CF37AD8BF550E51FF075\MQL5\Experts\InfinityTrader_1123365_2026-11-10.ex5
[INFO] Calculating source SHA-256...
2026-08-10 15:33:10,885 Calculating source SHA-256...
[INFO] Source SHA-256   : bdfefc7075ad301fc542e1e3a9792d3f0148fbb3ed74bf6829f4c3976947c23e
2026-08-10 15:33:10,887 Source SHA-256   : bdfefc7075ad301fc542e1e3a9792d3f0148fbb3ed74bf6829f4c3976947c23e
[INFO] Copying EX5 with shutil.copy2()...
2026-08-10 15:33:10,887 Copying EX5 with shutil.copy2()...
[INFO] Destination size : 7880 bytes
2026-08-10 15:33:10,890 Destination size : 7880 bytes
[INFO] File sizes match [OK]
2026-08-10 15:33:10,890 File sizes match [OK]
[INFO] Calculating destination SHA-256...
2026-08-10 15:33:10,890 Calculating destination SHA-256...
[INFO] Destination SHA-256: bdfefc7075ad301fc542e1e3a9792d3f0148fbb3ed74bf6829f4c3976947c23e
2026-08-10 15:33:10,898 Destination SHA-256: bdfefc7075ad301fc542e1e3a9792d3f0148fbb3ed74bf6829f4c3976947c23e
[INFO] SHA-256 hashes match [OK]
2026-08-10 15:33:10,898 SHA-256 hashes match [OK]
[SUCCESS] EX5 deployment completed
2026-08-10 15:33:10,898 EX5 deployment completed
[INFO] ============================================================
2026-08-10 15:33:10,898 ============================================================
2026-08-10 15:33:10,899 [WORKER] [INFO] MT5 deployment successful
2026-08-10 15:33:10,899 [WORKER] [INFO] Deployed to: C:\Users\infinityadmin\AppData\Roaming\MetaQuotes\Terminal\D0E8209F77C8CF37AD8BF550E51FF075\MQL5\Experts\InfinityTrader_1123365_2026-11-10.ex5
2026-08-10 15:33:10,899 [WORKER] [INFO] Size: 7880 bytes | SHA-256 match: True
2026-08-10 15:33:10,899 [WORKER] [INFO] Upload started
2026-08-10 15:33:13,193 [WORKER] [INFO] Upload successful
2026-08-10 15:33:13,193 [WORKER] [SUCCESS] Job completed: 54
2026-08-11 04:10:59,234 [WORKER] [INFO] Job claimed: 55
2026-08-11 04:10:59,243 [WORKER] [INFO] MT5 ID: 32165487 | Expiry: 2026-08-13 | Plan: standard
2026-08-11 04:10:59,245 [WORKER] [INFO] Compilation started
[INFO] Starting compilation
[INFO] Source MQ5 template : C:\mt5-license-system\compiler\templates\bot.mq5
[INFO] MT5 ID              : 32165487
[INFO] Plan                : standard
[INFO] Expiry (raw)        : '2026-08-13'
[INFO] Expiry (normalized) : 2026-08-13
[INFO] Output MQ5 : C:\mt5-license-system\compiler\output\InfinityTrader_32165487_2026-08-13.mq5
[INFO] Output EX5 : C:\mt5-license-system\compiler\output\InfinityTrader_32165487_2026-08-13.ex5
[INFO] Compilation successful
[INFO] EX5 generated : C:\mt5-license-system\compiler\output\InfinityTrader_32165487_2026-08-13.ex5
[INFO] EX5 size      : 6788 bytes
2026-08-11 04:11:00,877 [WORKER] [INFO] Compilation successful
2026-08-11 04:11:00,878 [WORKER] [INFO] EX5 generated: C:\mt5-license-system\compiler\output\InfinityTrader_32165487_2026-08-13.ex5 (6788 bytes)
2026-08-11 04:11:00,878 [WORKER] [INFO] MT5 deployment started
[INFO] ============================================================
2026-08-11 04:11:00,878 ============================================================
[INFO] Starting EX5 deployment
2026-08-11 04:11:00,878 Starting EX5 deployment
[INFO] ============================================================
2026-08-11 04:11:00,878 ============================================================
[INFO] Source EX5       : C:\mt5-license-system\compiler\output\InfinityTrader_32165487_2026-08-13.ex5
2026-08-11 04:11:00,878 Source EX5       : C:\mt5-license-system\compiler\output\InfinityTrader_32165487_2026-08-13.ex5
[INFO] Source size      : 6788 bytes
2026-08-11 04:11:00,878 Source size      : 6788 bytes
[INFO] Discovering MT5 data folder...
2026-08-11 04:11:00,878 Discovering MT5 data folder...
[INFO] Discovering MT5 data folder under: C:\Users\infinityadmin\AppData\Roaming\MetaQuotes\Terminal
2026-08-11 04:11:00,878 Discovering MT5 data folder under: C:\Users\infinityadmin\AppData\Roaming\MetaQuotes\Terminal
[INFO] Examined folders: ['Common', 'Community', 'D0E8209F77C8CF37AD8BF550E51FF075']
2026-08-11 04:11:00,903 Examined folders: ['Common', 'Community', 'D0E8209F77C8CF37AD8BF550E51FF075']
[INFO] Valid MT5 instances found: 1
2026-08-11 04:11:00,903 Valid MT5 instances found: 1
[INFO] Selected MT5 instance: D0E8209F77C8CF37AD8BF550E51FF075  (score=55)
2026-08-11 04:11:00,903 Selected MT5 instance: D0E8209F77C8CF37AD8BF550E51FF075  (score=55)
[INFO] MT5 data folder  : C:\Users\infinityadmin\AppData\Roaming\MetaQuotes\Terminal\D0E8209F77C8CF37AD8BF550E51FF075
2026-08-11 04:11:00,903 MT5 data folder  : C:\Users\infinityadmin\AppData\Roaming\MetaQuotes\Terminal\D0E8209F77C8CF37AD8BF550E51FF075
[INFO] Experts folder   : C:\Users\infinityadmin\AppData\Roaming\MetaQuotes\Terminal\D0E8209F77C8CF37AD8BF550E51FF075\MQL5\Experts
2026-08-11 04:11:00,903 Experts folder   : C:\Users\infinityadmin\AppData\Roaming\MetaQuotes\Terminal\D0E8209F77C8CF37AD8BF550E51FF075\MQL5\Experts
[INFO] origin.txt points to MT5 install: C:\Program Files\MetaTrader 5
2026-08-11 04:11:00,903 origin.txt points to MT5 install: C:\Program Files\MetaTrader 5
[INFO] Destination path : C:\Users\infinityadmin\AppData\Roaming\MetaQuotes\Terminal\D0E8209F77C8CF37AD8BF550E51FF075\MQL5\Experts\InfinityTrader_32165487_2026-08-13.ex5
2026-08-11 04:11:00,904 Destination path : C:\Users\infinityadmin\AppData\Roaming\MetaQuotes\Terminal\D0E8209F77C8CF37AD8BF550E51FF075\MQL5\Experts\InfinityTrader_32165487_2026-08-13.ex5
[INFO] Calculating source SHA-256...
2026-08-11 04:11:00,904 Calculating source SHA-256...
[INFO] Source SHA-256   : 08f5628f5770a2c1ea3202961b3f47fefe225882e6c8b7f52a1b3446f4aa5f40
2026-08-11 04:11:00,906 Source SHA-256   : 08f5628f5770a2c1ea3202961b3f47fefe225882e6c8b7f52a1b3446f4aa5f40
[INFO] Copying EX5 with shutil.copy2()...
2026-08-11 04:11:00,906 Copying EX5 with shutil.copy2()...
[INFO] Destination size : 6788 bytes
2026-08-11 04:11:00,910 Destination size : 6788 bytes
[INFO] File sizes match [OK]
2026-08-11 04:11:00,910 File sizes match [OK]
[INFO] Calculating destination SHA-256...
2026-08-11 04:11:00,910 Calculating destination SHA-256...
[INFO] Destination SHA-256: 08f5628f5770a2c1ea3202961b3f47fefe225882e6c8b7f52a1b3446f4aa5f40
2026-08-11 04:11:00,917 Destination SHA-256: 08f5628f5770a2c1ea3202961b3f47fefe225882e6c8b7f52a1b3446f4aa5f40
[INFO] SHA-256 hashes match [OK]
2026-08-11 04:11:00,917 SHA-256 hashes match [OK]
[SUCCESS] EX5 deployment completed
2026-08-11 04:11:00,917 EX5 deployment completed
[INFO] ============================================================
2026-08-11 04:11:00,918 ============================================================
2026-08-11 04:11:00,918 [WORKER] [INFO] MT5 deployment successful
2026-08-11 04:11:00,918 [WORKER] [INFO] Deployed to: C:\Users\infinityadmin\AppData\Roaming\MetaQuotes\Terminal\D0E8209F77C8CF37AD8BF550E51FF075\MQL5\Experts\InfinityTrader_32165487_2026-08-13.ex5
2026-08-11 04:11:00,918 [WORKER] [INFO] Size: 6788 bytes | SHA-256 match: True
2026-08-11 04:11:00,918 [WORKER] [INFO] Upload started
2026-08-11 04:11:03,629 [WORKER] [INFO] Upload successful
2026-08-11 04:11:03,629 [WORKER] [SUCCESS] Job completed: 55
2026-08-11 04:16:18,716 [WORKER] [INFO] Job claimed: 56
2026-08-11 04:16:18,723 [WORKER] [INFO] MT5 ID: 6799766 | Expiry: 2026-08-13 | Plan: standard
2026-08-11 04:16:18,724 [WORKER] [INFO] Compilation started
[INFO] Starting compilation
[INFO] Source MQ5 template : C:\mt5-license-system\compiler\templates\bot.mq5
[INFO] MT5 ID              : 6799766
[INFO] Plan                : standard
[INFO] Expiry (raw)        : '2026-08-13'
[INFO] Expiry (normalized) : 2026-08-13
[INFO] Output MQ5 : C:\mt5-license-system\compiler\output\InfinityTrader_6799766_2026-08-13.mq5
[INFO] Output EX5 : C:\mt5-license-system\compiler\output\InfinityTrader_6799766_2026-08-13.ex5
[INFO] Compilation successful
[INFO] EX5 generated : C:\mt5-license-system\compiler\output\InfinityTrader_6799766_2026-08-13.ex5
[INFO] EX5 size      : 6610 bytes
2026-08-11 04:16:20,119 [WORKER] [INFO] Compilation successful
2026-08-11 04:16:20,119 [WORKER] [INFO] EX5 generated: C:\mt5-license-system\compiler\output\InfinityTrader_6799766_2026-08-13.ex5 (6610 bytes)
2026-08-11 04:16:20,119 [WORKER] [INFO] MT5 deployment started
[INFO] ============================================================
2026-08-11 04:16:20,119 ============================================================
[INFO] Starting EX5 deployment
2026-08-11 04:16:20,119 Starting EX5 deployment
[INFO] ============================================================
2026-08-11 04:16:20,119 ============================================================
[INFO] Source EX5       : C:\mt5-license-system\compiler\output\InfinityTrader_6799766_2026-08-13.ex5
2026-08-11 04:16:20,119 Source EX5       : C:\mt5-license-system\compiler\output\InfinityTrader_6799766_2026-08-13.ex5
[INFO] Source size      : 6610 bytes
2026-08-11 04:16:20,119 Source size      : 6610 bytes
[INFO] Discovering MT5 data folder...
2026-08-11 04:16:20,119 Discovering MT5 data folder...
[INFO] Discovering MT5 data folder under: C:\Users\infinityadmin\AppData\Roaming\MetaQuotes\Terminal
2026-08-11 04:16:20,120 Discovering MT5 data folder under: C:\Users\infinityadmin\AppData\Roaming\MetaQuotes\Terminal
[INFO] Examined folders: ['Common', 'Community', 'D0E8209F77C8CF37AD8BF550E51FF075']
2026-08-11 04:16:20,122 Examined folders: ['Common', 'Community', 'D0E8209F77C8CF37AD8BF550E51FF075']
[INFO] Valid MT5 instances found: 1
2026-08-11 04:16:20,123 Valid MT5 instances found: 1
[INFO] Selected MT5 instance: D0E8209F77C8CF37AD8BF550E51FF075  (score=55)
2026-08-11 04:16:20,123 Selected MT5 instance: D0E8209F77C8CF37AD8BF550E51FF075  (score=55)
[INFO] MT5 data folder  : C:\Users\infinityadmin\AppData\Roaming\MetaQuotes\Terminal\D0E8209F77C8CF37AD8BF550E51FF075
2026-08-11 04:16:20,123 MT5 data folder  : C:\Users\infinityadmin\AppData\Roaming\MetaQuotes\Terminal\D0E8209F77C8CF37AD8BF550E51FF075
[INFO] Experts folder   : C:\Users\infinityadmin\AppData\Roaming\MetaQuotes\Terminal\D0E8209F77C8CF37AD8BF550E51FF075\MQL5\Experts
2026-08-11 04:16:20,124 Experts folder   : C:\Users\infinityadmin\AppData\Roaming\MetaQuotes\Terminal\D0E8209F77C8CF37AD8BF550E51FF075\MQL5\Experts
[INFO] origin.txt points to MT5 install: C:\Program Files\MetaTrader 5
2026-08-11 04:16:20,124 origin.txt points to MT5 install: C:\Program Files\MetaTrader 5
[INFO] Destination path : C:\Users\infinityadmin\AppData\Roaming\MetaQuotes\Terminal\D0E8209F77C8CF37AD8BF550E51FF075\MQL5\Experts\InfinityTrader_6799766_2026-08-13.ex5
2026-08-11 04:16:20,125 Destination path : C:\Users\infinityadmin\AppData\Roaming\MetaQuotes\Terminal\D0E8209F77C8CF37AD8BF550E51FF075\MQL5\Experts\InfinityTrader_6799766_2026-08-13.ex5
[INFO] Calculating source SHA-256...
2026-08-11 04:16:20,125 Calculating source SHA-256...
[INFO] Source SHA-256   : 4b755816788a4f0ced258311eae1cb7cd69b3e090a59981ac9124bd29d8e81bb
2026-08-11 04:16:20,127 Source SHA-256   : 4b755816788a4f0ced258311eae1cb7cd69b3e090a59981ac9124bd29d8e81bb
[INFO] Copying EX5 with shutil.copy2()...
2026-08-11 04:16:20,127 Copying EX5 with shutil.copy2()...
[INFO] Destination size : 6610 bytes
2026-08-11 04:16:20,130 Destination size : 6610 bytes
[INFO] File sizes match [OK]
2026-08-11 04:16:20,130 File sizes match [OK]
[INFO] Calculating destination SHA-256...
2026-08-11 04:16:20,130 Calculating destination SHA-256...
[INFO] Destination SHA-256: 4b755816788a4f0ced258311eae1cb7cd69b3e090a59981ac9124bd29d8e81bb
2026-08-11 04:16:20,139 Destination SHA-256: 4b755816788a4f0ced258311eae1cb7cd69b3e090a59981ac9124bd29d8e81bb
[INFO] SHA-256 hashes match [OK]
2026-08-11 04:16:20,139 SHA-256 hashes match [OK]
[SUCCESS] EX5 deployment completed
2026-08-11 04:16:20,139 EX5 deployment completed
[INFO] ============================================================
2026-08-11 04:16:20,139 ============================================================
2026-08-11 04:16:20,139 [WORKER] [INFO] MT5 deployment successful
2026-08-11 04:16:20,140 [WORKER] [INFO] Deployed to: C:\Users\infinityadmin\AppData\Roaming\MetaQuotes\Terminal\D0E8209F77C8CF37AD8BF550E51FF075\MQL5\Experts\InfinityTrader_6799766_2026-08-13.ex5
2026-08-11 04:16:20,140 [WORKER] [INFO] Size: 6610 bytes | SHA-256 match: True
2026-08-11 04:16:20,140 [WORKER] [INFO] Upload started
2026-08-11 04:16:22,293 [WORKER] [INFO] Upload successful
2026-08-11 04:16:22,294 [WORKER] [SUCCESS] Job completed: 56
2026-08-11 05:58:42,255 [WORKER] [WARNING] Request timed out while polling. Sleeping 5s.
2026-08-11 05:59:09,074 [WORKER] [WARNING] Request timed out while polling. Sleeping 5s.
2026-08-11 05:59:41,923 [WORKER] [WARNING] Request timed out while polling. Sleeping 5s.
2026-08-11 14:42:33,673 [WORKER] [INFO] Job claimed: 57
2026-08-11 14:42:33,696 [WORKER] [INFO] MT5 ID: 88888888 | Expiry: 2026-08-13 | Plan: standard
2026-08-11 14:42:33,697 [WORKER] [INFO] Compilation started
[INFO] Starting compilation
[INFO] Source MQ5 template : C:\mt5-license-system\compiler\templates\bot.mq5
[INFO] MT5 ID              : 88888888
[INFO] Plan                : standard
[INFO] Expiry (raw)        : '2026-08-13'
[INFO] Expiry (normalized) : 2026-08-13
[INFO] Output MQ5 : C:\mt5-license-system\compiler\output\InfinityTrader_88888888_2026-08-13.mq5
[INFO] Output EX5 : C:\mt5-license-system\compiler\output\InfinityTrader_88888888_2026-08-13.ex5
[INFO] Compilation successful
[INFO] EX5 generated : C:\mt5-license-system\compiler\output\InfinityTrader_88888888_2026-08-13.ex5
[INFO] EX5 size      : 6904 bytes
2026-08-11 14:42:35,262 [WORKER] [INFO] Compilation successful
2026-08-11 14:42:35,263 [WORKER] [INFO] EX5 generated: C:\mt5-license-system\compiler\output\InfinityTrader_88888888_2026-08-13.ex5 (6904 bytes)
2026-08-11 14:42:35,263 [WORKER] [INFO] MT5 deployment started
[INFO] ============================================================
2026-08-11 14:42:35,263 ============================================================
[INFO] Starting EX5 deployment
2026-08-11 14:42:35,263 Starting EX5 deployment
[INFO] ============================================================
2026-08-11 14:42:35,263 ============================================================
[INFO] Source EX5       : C:\mt5-license-system\compiler\output\InfinityTrader_88888888_2026-08-13.ex5
2026-08-11 14:42:35,263 Source EX5       : C:\mt5-license-system\compiler\output\InfinityTrader_88888888_2026-08-13.ex5
[INFO] Source size      : 6904 bytes
2026-08-11 14:42:35,263 Source size      : 6904 bytes
[INFO] Discovering MT5 data folder...
2026-08-11 14:42:35,263 Discovering MT5 data folder...
[INFO] Discovering MT5 data folder under: C:\Users\infinityadmin\AppData\Roaming\MetaQuotes\Terminal
2026-08-11 14:42:35,264 Discovering MT5 data folder under: C:\Users\infinityadmin\AppData\Roaming\MetaQuotes\Terminal
[INFO] Examined folders: ['Common', 'Community', 'D0E8209F77C8CF37AD8BF550E51FF075']
2026-08-11 14:42:35,269 Examined folders: ['Common', 'Community', 'D0E8209F77C8CF37AD8BF550E51FF075']
[INFO] Valid MT5 instances found: 1
2026-08-11 14:42:35,269 Valid MT5 instances found: 1
[INFO] Selected MT5 instance: D0E8209F77C8CF37AD8BF550E51FF075  (score=55)
2026-08-11 14:42:35,270 Selected MT5 instance: D0E8209F77C8CF37AD8BF550E51FF075  (score=55)
[INFO] MT5 data folder  : C:\Users\infinityadmin\AppData\Roaming\MetaQuotes\Terminal\D0E8209F77C8CF37AD8BF550E51FF075
2026-08-11 14:42:35,270 MT5 data folder  : C:\Users\infinityadmin\AppData\Roaming\MetaQuotes\Terminal\D0E8209F77C8CF37AD8BF550E51FF075
[INFO] Experts folder   : C:\Users\infinityadmin\AppData\Roaming\MetaQuotes\Terminal\D0E8209F77C8CF37AD8BF550E51FF075\MQL5\Experts
2026-08-11 14:42:35,270 Experts folder   : C:\Users\infinityadmin\AppData\Roaming\MetaQuotes\Terminal\D0E8209F77C8CF37AD8BF550E51FF075\MQL5\Experts
[INFO] origin.txt points to MT5 install: C:\Program Files\MetaTrader 5
2026-08-11 14:42:35,270 origin.txt points to MT5 install: C:\Program Files\MetaTrader 5
[INFO] Destination path : C:\Users\infinityadmin\AppData\Roaming\MetaQuotes\Terminal\D0E8209F77C8CF37AD8BF550E51FF075\MQL5\Experts\InfinityTrader_88888888_2026-08-13.ex5
2026-08-11 14:42:35,271 Destination path : C:\Users\infinityadmin\AppData\Roaming\MetaQuotes\Terminal\D0E8209F77C8CF37AD8BF550E51FF075\MQL5\Experts\InfinityTrader_88888888_2026-08-13.ex5
[INFO] Calculating source SHA-256...
2026-08-11 14:42:35,271 Calculating source SHA-256...
[INFO] Source SHA-256   : be97b8227ecbc34124cc48726f9ee5fac63925c021da191090501183b52b4c97
2026-08-11 14:42:35,273 Source SHA-256   : be97b8227ecbc34124cc48726f9ee5fac63925c021da191090501183b52b4c97
[INFO] Copying EX5 with shutil.copy2()...
2026-08-11 14:42:35,273 Copying EX5 with shutil.copy2()...
[INFO] Destination size : 6904 bytes
2026-08-11 14:42:35,277 Destination size : 6904 bytes
[INFO] File sizes match [OK]
2026-08-11 14:42:35,277 File sizes match [OK]
[INFO] Calculating destination SHA-256...
2026-08-11 14:42:35,277 Calculating destination SHA-256...
[INFO] Destination SHA-256: be97b8227ecbc34124cc48726f9ee5fac63925c021da191090501183b52b4c97
2026-08-11 14:42:35,291 Destination SHA-256: be97b8227ecbc34124cc48726f9ee5fac63925c021da191090501183b52b4c97
[INFO] SHA-256 hashes match [OK]
2026-08-11 14:42:35,291 SHA-256 hashes match [OK]
[SUCCESS] EX5 deployment completed
2026-08-11 14:42:35,291 EX5 deployment completed
[INFO] ============================================================
2026-08-11 14:42:35,291 ============================================================
2026-08-11 14:42:35,291 [WORKER] [INFO] MT5 deployment successful
2026-08-11 14:42:35,291 [WORKER] [INFO] Deployed to: C:\Users\infinityadmin\AppData\Roaming\MetaQuotes\Terminal\D0E8209F77C8CF37AD8BF550E51FF075\MQL5\Experts\InfinityTrader_88888888_2026-08-13.ex5
2026-08-11 14:42:35,291 [WORKER] [INFO] Size: 6904 bytes | SHA-256 match: True
2026-08-11 14:42:35,291 [WORKER] [INFO] Upload started
2026-08-11 14:42:39,578 [WORKER] [INFO] Upload successful
2026-08-11 14:42:39,579 [WORKER] [SUCCESS] Job completed: 57
2026-08-12 03:45:08,636 [WORKER] [WARNING] Connection error while polling (network/Render cold start): HTTPSConnectionPool(host='infinity-trader-api.onrender.com', port=443): Max retries exceeded with url: /api/v1/jobs/claim (Caused by SSLError(SSLEOFError(8, '[SSL: UNEXPECTED_EOF_WHILE_READING] EOF occurred in violation of protocol (_ssl.c:1032)'))). Sleeping 5s.
2026-08-12 03:45:31,105 [WORKER] [WARNING] Connection error while polling (network/Render cold start): HTTPSConnectionPool(host='infinity-trader-api.onrender.com', port=443): Max retries exceeded with url: /api/v1/jobs/claim (Caused by SSLError(SSLEOFError(8, '[SSL: UNEXPECTED_EOF_WHILE_READING] EOF occurred in violation of protocol (_ssl.c:1032)'))). Sleeping 5s.
2026-08-12 04:28:26,475 [WORKER] [WARNING] Connection error while polling (network/Render cold start): HTTPSConnectionPool(host='infinity-trader-api.onrender.com', port=443): Max retries exceeded with url: /api/v1/jobs/claim (Caused by SSLError(SSLEOFError(8, '[SSL: UNEXPECTED_EOF_WHILE_READING] EOF occurred in violation of protocol (_ssl.c:1032)'))). Sleeping 5s.
2026-08-12 04:43:02,445 [WORKER] [WARNING] Connection error while polling (network/Render cold start): HTTPSConnectionPool(host='infinity-trader-api.onrender.com', port=443): Max retries exceeded with url: /api/v1/jobs/claim (Caused by SSLError(SSLEOFError(8, '[SSL: UNEXPECTED_EOF_WHILE_READING] EOF occurred in violation of protocol (_ssl.c:1032)'))). Sleeping 5s.
2026-08-12 05:07:59,311 [WORKER] [INFO] Job claimed: 58
2026-08-12 05:07:59,322 [WORKER] [INFO] MT5 ID: 1234568 | Expiry: 2026-09-12 | Plan: EA Basic Plan (1month)
2026-08-12 05:07:59,323 [WORKER] [INFO] Compilation started
[INFO] Starting compilation
[INFO] Source MQ5 template : C:\mt5-license-system\compiler\templates\bot.mq5
[INFO] MT5 ID              : 1234568
[INFO] Plan                : EA Basic Plan (1month)
[INFO] Expiry (raw)        : '2026-09-12'
[INFO] Expiry (normalized) : 2026-09-12
[INFO] Output MQ5 : C:\mt5-license-system\compiler\output\InfinityTrader_1234568_2026-09-12.mq5
[INFO] Output EX5 : C:\mt5-license-system\compiler\output\InfinityTrader_1234568_2026-09-12.ex5
[INFO] Compilation successful
[INFO] EX5 generated : C:\mt5-license-system\compiler\output\InfinityTrader_1234568_2026-09-12.ex5
[INFO] EX5 size      : 7936 bytes
2026-08-12 05:08:01,216 [WORKER] [INFO] Compilation successful
2026-08-12 05:08:01,216 [WORKER] [INFO] EX5 generated: C:\mt5-license-system\compiler\output\InfinityTrader_1234568_2026-09-12.ex5 (7936 bytes)
2026-08-12 05:08:01,216 [WORKER] [INFO] MT5 deployment started
[INFO] ============================================================
2026-08-12 05:08:01,216 ============================================================
[INFO] Starting EX5 deployment
2026-08-12 05:08:01,216 Starting EX5 deployment
[INFO] ============================================================
2026-08-12 05:08:01,216 ============================================================
[INFO] Source EX5       : C:\mt5-license-system\compiler\output\InfinityTrader_1234568_2026-09-12.ex5
2026-08-12 05:08:01,216 Source EX5       : C:\mt5-license-system\compiler\output\InfinityTrader_1234568_2026-09-12.ex5
[INFO] Source size      : 7936 bytes
2026-08-12 05:08:01,217 Source size      : 7936 bytes
[INFO] Discovering MT5 data folder...
2026-08-12 05:08:01,217 Discovering MT5 data folder...
[INFO] Discovering MT5 data folder under: C:\Users\infinityadmin\AppData\Roaming\MetaQuotes\Terminal
2026-08-12 05:08:01,217 Discovering MT5 data folder under: C:\Users\infinityadmin\AppData\Roaming\MetaQuotes\Terminal
[INFO] Examined folders: ['Common', 'Community', 'D0E8209F77C8CF37AD8BF550E51FF075']
2026-08-12 05:08:01,237 Examined folders: ['Common', 'Community', 'D0E8209F77C8CF37AD8BF550E51FF075']
[INFO] Valid MT5 instances found: 1
2026-08-12 05:08:01,237 Valid MT5 instances found: 1
[INFO] Selected MT5 instance: D0E8209F77C8CF37AD8BF550E51FF075  (score=55)
2026-08-12 05:08:01,237 Selected MT5 instance: D0E8209F77C8CF37AD8BF550E51FF075  (score=55)
[INFO] MT5 data folder  : C:\Users\infinityadmin\AppData\Roaming\MetaQuotes\Terminal\D0E8209F77C8CF37AD8BF550E51FF075
2026-08-12 05:08:01,238 MT5 data folder  : C:\Users\infinityadmin\AppData\Roaming\MetaQuotes\Terminal\D0E8209F77C8CF37AD8BF550E51FF075
[INFO] Experts folder   : C:\Users\infinityadmin\AppData\Roaming\MetaQuotes\Terminal\D0E8209F77C8CF37AD8BF550E51FF075\MQL5\Experts
2026-08-12 05:08:01,238 Experts folder   : C:\Users\infinityadmin\AppData\Roaming\MetaQuotes\Terminal\D0E8209F77C8CF37AD8BF550E51FF075\MQL5\Experts
[INFO] origin.txt points to MT5 install: C:\Program Files\MetaTrader 5
2026-08-12 05:08:01,238 origin.txt points to MT5 install: C:\Program Files\MetaTrader 5
[INFO] Destination path : C:\Users\infinityadmin\AppData\Roaming\MetaQuotes\Terminal\D0E8209F77C8CF37AD8BF550E51FF075\MQL5\Experts\InfinityTrader_1234568_2026-09-12.ex5
2026-08-12 05:08:01,238 Destination path : C:\Users\infinityadmin\AppData\Roaming\MetaQuotes\Terminal\D0E8209F77C8CF37AD8BF550E51FF075\MQL5\Experts\InfinityTrader_1234568_2026-09-12.ex5
[INFO] Calculating source SHA-256...
2026-08-12 05:08:01,239 Calculating source SHA-256...
[INFO] Source SHA-256   : 774d9513196f801b6fd366b9e550a44b0475a51234dc8b20c9a0c04c7c17618a
2026-08-12 05:08:01,243 Source SHA-256   : 774d9513196f801b6fd366b9e550a44b0475a51234dc8b20c9a0c04c7c17618a
[INFO] Copying EX5 with shutil.copy2()...
2026-08-12 05:08:01,243 Copying EX5 with shutil.copy2()...
[INFO] Destination size : 7936 bytes
2026-08-12 05:08:01,247 Destination size : 7936 bytes
[INFO] File sizes match [OK]
2026-08-12 05:08:01,247 File sizes match [OK]
[INFO] Calculating destination SHA-256...
2026-08-12 05:08:01,247 Calculating destination SHA-256...
[INFO] Destination SHA-256: 774d9513196f801b6fd366b9e550a44b0475a51234dc8b20c9a0c04c7c17618a
2026-08-12 05:08:01,257 Destination SHA-256: 774d9513196f801b6fd366b9e550a44b0475a51234dc8b20c9a0c04c7c17618a
[INFO] SHA-256 hashes match [OK]
2026-08-12 05:08:01,258 SHA-256 hashes match [OK]
[SUCCESS] EX5 deployment completed
2026-08-12 05:08:01,258 EX5 deployment completed
[INFO] ============================================================
2026-08-12 05:08:01,258 ============================================================
2026-08-12 05:08:01,258 [WORKER] [INFO] MT5 deployment successful
2026-08-12 05:08:01,258 [WORKER] [INFO] Deployed to: C:\Users\infinityadmin\AppData\Roaming\MetaQuotes\Terminal\D0E8209F77C8CF37AD8BF550E51FF075\MQL5\Experts\InfinityTrader_1234568_2026-09-12.ex5
2026-08-12 05:08:01,258 [WORKER] [INFO] Size: 7936 bytes | SHA-256 match: True
2026-08-12 05:08:01,258 [WORKER] [INFO] Upload started
2026-08-12 05:08:05,916 [WORKER] [INFO] Upload successful
2026-08-12 05:08:05,916 [WORKER] [SUCCESS] Job completed: 58
2026-08-12 05:11:28,060 [WORKER] [INFO] Job claimed: 59
2026-08-12 05:11:28,060 [WORKER] [INFO] MT5 ID: 12345685 | Expiry: 2026-09-12 | Plan: EA Basic Plan (1month)
2026-08-12 05:11:28,060 [WORKER] [INFO] Compilation started
[INFO] Starting compilation
[INFO] Source MQ5 template : C:\mt5-license-system\compiler\templates\bot.mq5
[INFO] MT5 ID              : 12345685
[INFO] Plan                : EA Basic Plan (1month)
[INFO] Expiry (raw)        : '2026-09-12'
[INFO] Expiry (normalized) : 2026-09-12
[INFO] Output MQ5 : C:\mt5-license-system\compiler\output\InfinityTrader_12345685_2026-09-12.mq5
[INFO] Output EX5 : C:\mt5-license-system\compiler\output\InfinityTrader_12345685_2026-09-12.ex5
[INFO] Compilation successful
[INFO] EX5 generated : C:\mt5-license-system\compiler\output\InfinityTrader_12345685_2026-09-12.ex5
[INFO] EX5 size      : 6826 bytes
2026-08-12 05:11:29,408 [WORKER] [INFO] Compilation successful
2026-08-12 05:11:29,408 [WORKER] [INFO] EX5 generated: C:\mt5-license-system\compiler\output\InfinityTrader_12345685_2026-09-12.ex5 (6826 bytes)
2026-08-12 05:11:29,408 [WORKER] [INFO] MT5 deployment started
[INFO] ============================================================
2026-08-12 05:11:29,408 ============================================================
[INFO] Starting EX5 deployment
2026-08-12 05:11:29,408 Starting EX5 deployment
[INFO] ============================================================
2026-08-12 05:11:29,409 ============================================================
[INFO] Source EX5       : C:\mt5-license-system\compiler\output\InfinityTrader_12345685_2026-09-12.ex5
2026-08-12 05:11:29,410 Source EX5       : C:\mt5-license-system\compiler\output\InfinityTrader_12345685_2026-09-12.ex5
[INFO] Source size      : 6826 bytes
2026-08-12 05:11:29,410 Source size      : 6826 bytes
[INFO] Discovering MT5 data folder...
2026-08-12 05:11:29,410 Discovering MT5 data folder...
[INFO] Discovering MT5 data folder under: C:\Users\infinityadmin\AppData\Roaming\MetaQuotes\Terminal
2026-08-12 05:11:29,410 Discovering MT5 data folder under: C:\Users\infinityadmin\AppData\Roaming\MetaQuotes\Terminal
[INFO] Examined folders: ['Common', 'Community', 'D0E8209F77C8CF37AD8BF550E51FF075']
2026-08-12 05:11:29,414 Examined folders: ['Common', 'Community', 'D0E8209F77C8CF37AD8BF550E51FF075']
[INFO] Valid MT5 instances found: 1
2026-08-12 05:11:29,414 Valid MT5 instances found: 1
[INFO] Selected MT5 instance: D0E8209F77C8CF37AD8BF550E51FF075  (score=55)
2026-08-12 05:11:29,414 Selected MT5 instance: D0E8209F77C8CF37AD8BF550E51FF075  (score=55)
[INFO] MT5 data folder  : C:\Users\infinityadmin\AppData\Roaming\MetaQuotes\Terminal\D0E8209F77C8CF37AD8BF550E51FF075
2026-08-12 05:11:29,415 MT5 data folder  : C:\Users\infinityadmin\AppData\Roaming\MetaQuotes\Terminal\D0E8209F77C8CF37AD8BF550E51FF075
[INFO] Experts folder   : C:\Users\infinityadmin\AppData\Roaming\MetaQuotes\Terminal\D0E8209F77C8CF37AD8BF550E51FF075\MQL5\Experts
2026-08-12 05:11:29,415 Experts folder   : C:\Users\infinityadmin\AppData\Roaming\MetaQuotes\Terminal\D0E8209F77C8CF37AD8BF550E51FF075\MQL5\Experts
[INFO] origin.txt points to MT5 install: C:\Program Files\MetaTrader 5
2026-08-12 05:11:29,415 origin.txt points to MT5 install: C:\Program Files\MetaTrader 5
[INFO] Destination path : C:\Users\infinityadmin\AppData\Roaming\MetaQuotes\Terminal\D0E8209F77C8CF37AD8BF550E51FF075\MQL5\Experts\InfinityTrader_12345685_2026-09-12.ex5
2026-08-12 05:11:29,416 Destination path : C:\Users\infinityadmin\AppData\Roaming\MetaQuotes\Terminal\D0E8209F77C8CF37AD8BF550E51FF075\MQL5\Experts\InfinityTrader_12345685_2026-09-12.ex5
[INFO] Calculating source SHA-256...
2026-08-12 05:11:29,416 Calculating source SHA-256...
[INFO] Source SHA-256   : 375018775a6408914a5505c3d5cd09299da6df7af4937a45ac5ba0d5d772fe19
2026-08-12 05:11:29,418 Source SHA-256   : 375018775a6408914a5505c3d5cd09299da6df7af4937a45ac5ba0d5d772fe19
[INFO] Copying EX5 with shutil.copy2()...
2026-08-12 05:11:29,418 Copying EX5 with shutil.copy2()...
[INFO] Destination size : 6826 bytes
2026-08-12 05:11:29,421 Destination size : 6826 bytes
[INFO] File sizes match [OK]
2026-08-12 05:11:29,421 File sizes match [OK]
[INFO] Calculating destination SHA-256...
2026-08-12 05:11:29,422 Calculating destination SHA-256...
[INFO] Destination SHA-256: 375018775a6408914a5505c3d5cd09299da6df7af4937a45ac5ba0d5d772fe19
2026-08-12 05:11:29,431 Destination SHA-256: 375018775a6408914a5505c3d5cd09299da6df7af4937a45ac5ba0d5d772fe19
[INFO] SHA-256 hashes match [OK]
2026-08-12 05:11:29,431 SHA-256 hashes match [OK]
[SUCCESS] EX5 deployment completed
2026-08-12 05:11:29,431 EX5 deployment completed
[INFO] ============================================================
2026-08-12 05:11:29,431 ============================================================
2026-08-12 05:11:29,431 [WORKER] [INFO] MT5 deployment successful
2026-08-12 05:11:29,431 [WORKER] [INFO] Deployed to: C:\Users\infinityadmin\AppData\Roaming\MetaQuotes\Terminal\D0E8209F77C8CF37AD8BF550E51FF075\MQL5\Experts\InfinityTrader_12345685_2026-09-12.ex5
2026-08-12 05:11:29,431 [WORKER] [INFO] Size: 6826 bytes | SHA-256 match: True
2026-08-12 05:11:29,431 [WORKER] [INFO] Upload started
2026-08-12 05:11:31,871 [WORKER] [INFO] Upload successful
2026-08-12 05:11:31,871 [WORKER] [SUCCESS] Job completed: 59
2026-08-12 05:16:41,950 [WORKER] [INFO] Job claimed: 60
2026-08-12 05:16:41,955 [WORKER] [INFO] MT5 ID: 12345668 | Expiry: 2026-09-12 | Plan: EA Basic Plan (1month)
2026-08-12 05:16:41,957 [WORKER] [INFO] Compilation started
[INFO] Starting compilation
[INFO] Source MQ5 template : C:\mt5-license-system\compiler\templates\bot.mq5
[INFO] MT5 ID              : 12345668
[INFO] Plan                : EA Basic Plan (1month)
[INFO] Expiry (raw)        : '2026-09-12'
[INFO] Expiry (normalized) : 2026-09-12
[INFO] Output MQ5 : C:\mt5-license-system\compiler\output\InfinityTrader_12345668_2026-09-12.mq5
[INFO] Output EX5 : C:\mt5-license-system\compiler\output\InfinityTrader_12345668_2026-09-12.ex5
[INFO] Compilation successful
[INFO] EX5 generated : C:\mt5-license-system\compiler\output\InfinityTrader_12345668_2026-09-12.ex5
[INFO] EX5 size      : 6468 bytes
2026-08-12 05:16:43,446 [WORKER] [INFO] Compilation successful
2026-08-12 05:16:43,446 [WORKER] [INFO] EX5 generated: C:\mt5-license-system\compiler\output\InfinityTrader_12345668_2026-09-12.ex5 (6468 bytes)
2026-08-12 05:16:43,446 [WORKER] [INFO] MT5 deployment started
[INFO] ============================================================
2026-08-12 05:16:43,446 ============================================================
[INFO] Starting EX5 deployment
2026-08-12 05:16:43,447 Starting EX5 deployment
[INFO] ============================================================
2026-08-12 05:16:43,447 ============================================================
[INFO] Source EX5       : C:\mt5-license-system\compiler\output\InfinityTrader_12345668_2026-09-12.ex5
2026-08-12 05:16:43,447 Source EX5       : C:\mt5-license-system\compiler\output\InfinityTrader_12345668_2026-09-12.ex5
[INFO] Source size      : 6468 bytes
2026-08-12 05:16:43,448 Source size      : 6468 bytes
[INFO] Discovering MT5 data folder...
2026-08-12 05:16:43,448 Discovering MT5 data folder...
[INFO] Discovering MT5 data folder under: C:\Users\infinityadmin\AppData\Roaming\MetaQuotes\Terminal
2026-08-12 05:16:43,448 Discovering MT5 data folder under: C:\Users\infinityadmin\AppData\Roaming\MetaQuotes\Terminal
[INFO] Examined folders: ['Common', 'Community', 'D0E8209F77C8CF37AD8BF550E51FF075']
2026-08-12 05:16:43,452 Examined folders: ['Common', 'Community', 'D0E8209F77C8CF37AD8BF550E51FF075']
[INFO] Valid MT5 instances found: 1
2026-08-12 05:16:43,452 Valid MT5 instances found: 1
[INFO] Selected MT5 instance: D0E8209F77C8CF37AD8BF550E51FF075  (score=55)
2026-08-12 05:16:43,453 Selected MT5 instance: D0E8209F77C8CF37AD8BF550E51FF075  (score=55)
[INFO] MT5 data folder  : C:\Users\infinityadmin\AppData\Roaming\MetaQuotes\Terminal\D0E8209F77C8CF37AD8BF550E51FF075
2026-08-12 05:16:43,453 MT5 data folder  : C:\Users\infinityadmin\AppData\Roaming\MetaQuotes\Terminal\D0E8209F77C8CF37AD8BF550E51FF075
[INFO] Experts folder   : C:\Users\infinityadmin\AppData\Roaming\MetaQuotes\Terminal\D0E8209F77C8CF37AD8BF550E51FF075\MQL5\Experts
2026-08-12 05:16:43,453 Experts folder   : C:\Users\infinityadmin\AppData\Roaming\MetaQuotes\Terminal\D0E8209F77C8CF37AD8BF550E51FF075\MQL5\Experts
[INFO] origin.txt points to MT5 install: C:\Program Files\MetaTrader 5
2026-08-12 05:16:43,453 origin.txt points to MT5 install: C:\Program Files\MetaTrader 5
[INFO] Destination path : C:\Users\infinityadmin\AppData\Roaming\MetaQuotes\Terminal\D0E8209F77C8CF37AD8BF550E51FF075\MQL5\Experts\InfinityTrader_12345668_2026-09-12.ex5
2026-08-12 05:16:43,455 Destination path : C:\Users\infinityadmin\AppData\Roaming\MetaQuotes\Terminal\D0E8209F77C8CF37AD8BF550E51FF075\MQL5\Experts\InfinityTrader_12345668_2026-09-12.ex5
[INFO] Calculating source SHA-256...
2026-08-12 05:16:43,455 Calculating source SHA-256...
[INFO] Source SHA-256   : 87defefed11cdabe0a4de887b643c8270f0b893523f7025ccc06f00d294a6060
2026-08-12 05:16:43,458 Source SHA-256   : 87defefed11cdabe0a4de887b643c8270f0b893523f7025ccc06f00d294a6060
[INFO] Copying EX5 with shutil.copy2()...
2026-08-12 05:16:43,459 Copying EX5 with shutil.copy2()...
[INFO] Destination size : 6468 bytes
2026-08-12 05:16:43,469 Destination size : 6468 bytes
[INFO] File sizes match [OK]
2026-08-12 05:16:43,469 File sizes match [OK]
[INFO] Calculating destination SHA-256...
2026-08-12 05:16:43,470 Calculating destination SHA-256...
[INFO] Destination SHA-256: 87defefed11cdabe0a4de887b643c8270f0b893523f7025ccc06f00d294a6060
2026-08-12 05:16:43,486 Destination SHA-256: 87defefed11cdabe0a4de887b643c8270f0b893523f7025ccc06f00d294a6060
[INFO] SHA-256 hashes match [OK]
2026-08-12 05:16:43,486 SHA-256 hashes match [OK]
[SUCCESS] EX5 deployment completed
2026-08-12 05:16:43,486 EX5 deployment completed
[INFO] ============================================================
2026-08-12 05:16:43,486 ============================================================
2026-08-12 05:16:43,486 [WORKER] [INFO] MT5 deployment successful
2026-08-12 05:16:43,486 [WORKER] [INFO] Deployed to: C:\Users\infinityadmin\AppData\Roaming\MetaQuotes\Terminal\D0E8209F77C8CF37AD8BF550E51FF075\MQL5\Experts\InfinityTrader_12345668_2026-09-12.ex5
2026-08-12 05:16:43,487 [WORKER] [INFO] Size: 6468 bytes | SHA-256 match: True
2026-08-12 05:16:43,487 [WORKER] [INFO] Upload started
2026-08-12 05:16:47,698 [WORKER] [INFO] Upload successful
2026-08-12 05:16:47,698 [WORKER] [SUCCESS] Job completed: 60
2026-08-12 05:36:40,215 [WORKER] [WARNING] Connection error while polling (network/Render cold start): HTTPSConnectionPool(host='infinity-trader-api.onrender.com', port=443): Max retries exceeded with url: /api/v1/jobs/claim (Caused by SSLError(SSLEOFError(8, '[SSL: UNEXPECTED_EOF_WHILE_READING] EOF occurred in violation of protocol (_ssl.c:1032)'))). Sleeping 5s.
2026-08-12 05:58:59,500 [WORKER] [INFO] Job claimed: 61
2026-08-12 05:58:59,513 [WORKER] [INFO] MT5 ID: 87543677 | Expiry: 2026-09-06 | Plan: EA Basic Plan (1month)
2026-08-12 05:58:59,514 [WORKER] [INFO] Compilation started
[INFO] Starting compilation
[INFO] Source MQ5 template : C:\mt5-license-system\compiler\templates\bot.mq5
[INFO] MT5 ID              : 87543677
[INFO] Plan                : EA Basic Plan (1month)
[INFO] Expiry (raw)        : '2026-09-06'
[INFO] Expiry (normalized) : 2026-09-06
[INFO] Output MQ5 : C:\mt5-license-system\compiler\output\InfinityTrader_87543677_2026-09-06.mq5
[INFO] Output EX5 : C:\mt5-license-system\compiler\output\InfinityTrader_87543677_2026-09-06.ex5
[INFO] Compilation successful
[INFO] EX5 generated : C:\mt5-license-system\compiler\output\InfinityTrader_87543677_2026-09-06.ex5
[INFO] EX5 size      : 8122 bytes
2026-08-12 05:59:01,212 [WORKER] [INFO] Compilation successful
2026-08-12 05:59:01,212 [WORKER] [INFO] EX5 generated: C:\mt5-license-system\compiler\output\InfinityTrader_87543677_2026-09-06.ex5 (8122 bytes)
2026-08-12 05:59:01,212 [WORKER] [INFO] MT5 deployment started
[INFO] ============================================================
2026-08-12 05:59:01,212 ============================================================
[INFO] Starting EX5 deployment
2026-08-12 05:59:01,212 Starting EX5 deployment
[INFO] ============================================================
2026-08-12 05:59:01,212 ============================================================
[INFO] Source EX5       : C:\mt5-license-system\compiler\output\InfinityTrader_87543677_2026-09-06.ex5
2026-08-12 05:59:01,212 Source EX5       : C:\mt5-license-system\compiler\output\InfinityTrader_87543677_2026-09-06.ex5
[INFO] Source size      : 8122 bytes
2026-08-12 05:59:01,212 Source size      : 8122 bytes
[INFO] Discovering MT5 data folder...
2026-08-12 05:59:01,213 Discovering MT5 data folder...
[INFO] Discovering MT5 data folder under: C:\Users\infinityadmin\AppData\Roaming\MetaQuotes\Terminal
2026-08-12 05:59:01,213 Discovering MT5 data folder under: C:\Users\infinityadmin\AppData\Roaming\MetaQuotes\Terminal
[INFO] Examined folders: ['Common', 'Community', 'D0E8209F77C8CF37AD8BF550E51FF075']
2026-08-12 05:59:01,217 Examined folders: ['Common', 'Community', 'D0E8209F77C8CF37AD8BF550E51FF075']
[INFO] Valid MT5 instances found: 1
2026-08-12 05:59:01,218 Valid MT5 instances found: 1
[INFO] Selected MT5 instance: D0E8209F77C8CF37AD8BF550E51FF075  (score=55)
2026-08-12 05:59:01,218 Selected MT5 instance: D0E8209F77C8CF37AD8BF550E51FF075  (score=55)
[INFO] MT5 data folder  : C:\Users\infinityadmin\AppData\Roaming\MetaQuotes\Terminal\D0E8209F77C8CF37AD8BF550E51FF075
2026-08-12 05:59:01,218 MT5 data folder  : C:\Users\infinityadmin\AppData\Roaming\MetaQuotes\Terminal\D0E8209F77C8CF37AD8BF550E51FF075
[INFO] Experts folder   : C:\Users\infinityadmin\AppData\Roaming\MetaQuotes\Terminal\D0E8209F77C8CF37AD8BF550E51FF075\MQL5\Experts
2026-08-12 05:59:01,218 Experts folder   : C:\Users\infinityadmin\AppData\Roaming\MetaQuotes\Terminal\D0E8209F77C8CF37AD8BF550E51FF075\MQL5\Experts
[INFO] origin.txt points to MT5 install: C:\Program Files\MetaTrader 5
2026-08-12 05:59:01,218 origin.txt points to MT5 install: C:\Program Files\MetaTrader 5
[INFO] Destination path : C:\Users\infinityadmin\AppData\Roaming\MetaQuotes\Terminal\D0E8209F77C8CF37AD8BF550E51FF075\MQL5\Experts\InfinityTrader_87543677_2026-09-06.ex5
2026-08-12 05:59:01,220 Destination path : C:\Users\infinityadmin\AppData\Roaming\MetaQuotes\Terminal\D0E8209F77C8CF37AD8BF550E51FF075\MQL5\Experts\InfinityTrader_87543677_2026-09-06.ex5
[INFO] Calculating source SHA-256...
2026-08-12 05:59:01,220 Calculating source SHA-256...
[INFO] Source SHA-256   : 2b7b95310e2cfcde6f6652632650b227caa2f09f5052b3120281ac6c4e0d4127
2026-08-12 05:59:01,222 Source SHA-256   : 2b7b95310e2cfcde6f6652632650b227caa2f09f5052b3120281ac6c4e0d4127
[INFO] Copying EX5 with shutil.copy2()...
2026-08-12 05:59:01,222 Copying EX5 with shutil.copy2()...
[INFO] Destination size : 8122 bytes
2026-08-12 05:59:01,227 Destination size : 8122 bytes
[INFO] File sizes match [OK]
2026-08-12 05:59:01,227 File sizes match [OK]
[INFO] Calculating destination SHA-256...
2026-08-12 05:59:01,227 Calculating destination SHA-256...
[INFO] Destination SHA-256: 2b7b95310e2cfcde6f6652632650b227caa2f09f5052b3120281ac6c4e0d4127
2026-08-12 05:59:01,240 Destination SHA-256: 2b7b95310e2cfcde6f6652632650b227caa2f09f5052b3120281ac6c4e0d4127
[INFO] SHA-256 hashes match [OK]
2026-08-12 05:59:01,240 SHA-256 hashes match [OK]
[SUCCESS] EX5 deployment completed
2026-08-12 05:59:01,240 EX5 deployment completed
[INFO] ============================================================
2026-08-12 05:59:01,240 ============================================================
2026-08-12 05:59:01,240 [WORKER] [INFO] MT5 deployment successful
2026-08-12 05:59:01,240 [WORKER] [INFO] Deployed to: C:\Users\infinityadmin\AppData\Roaming\MetaQuotes\Terminal\D0E8209F77C8CF37AD8BF550E51FF075\MQL5\Experts\InfinityTrader_87543677_2026-09-06.ex5
2026-08-12 05:59:01,240 [WORKER] [INFO] Size: 8122 bytes | SHA-256 match: True
2026-08-12 05:59:01,240 [WORKER] [INFO] Upload started
2026-08-12 05:59:05,067 [WORKER] [INFO] Upload successful
2026-08-12 05:59:05,067 [WORKER] [SUCCESS] Job completed: 61
2026-08-12 06:56:52,258 [WORKER] [WARNING] API server error 500 (Render may be cold-starting). Sleeping 30s.
2026-08-12 06:57:23,252 [WORKER] [WARNING] API server error 500 (Render may be cold-starting). Sleeping 30s.
2026-08-12 06:57:54,404 [WORKER] [WARNING] API server error 500 (Render may be cold-starting). Sleeping 30s.
2026-08-12 06:58:25,699 [WORKER] [WARNING] API server error 500 (Render may be cold-starting). Sleeping 30s.
2026-08-12 06:58:56,706 [WORKER] [WARNING] API server error 500 (Render may be cold-starting). Sleeping 30s.
2026-08-12 06:59:27,738 [WORKER] [WARNING] API server error 500 (Render may be cold-starting). Sleeping 30s.
2026-08-12 06:59:59,067 [WORKER] [WARNING] API server error 500 (Render may be cold-starting). Sleeping 30s.
2026-08-12 07:00:29,980 [WORKER] [WARNING] API server error 500 (Render may be cold-starting). Sleeping 30s.
2026-08-12 07:01:01,742 [WORKER] [WARNING] API server error 500 (Render may be cold-starting). Sleeping 30s.
2026-08-12 07:01:33,932 [WORKER] [WARNING] API server error 500 (Render may be cold-starting). Sleeping 30s.
2026-08-12 07:02:05,165 [WORKER] [WARNING] API server error 500 (Render may be cold-starting). Sleeping 30s.
2026-08-12 07:02:36,145 [WORKER] [WARNING] API server error 500 (Render may be cold-starting). Sleeping 30s.
2026-08-12 07:03:07,061 [WORKER] [WARNING] API server error 500 (Render may be cold-starting). Sleeping 30s.
2026-08-12 07:03:39,741 [WORKER] [WARNING] API server error 500 (Render may be cold-starting). Sleeping 30s.
2026-08-12 07:04:10,806 [WORKER] [WARNING] API server error 500 (Render may be cold-starting). Sleeping 30s.
2026-08-12 07:04:41,812 [WORKER] [WARNING] API server error 500 (Render may be cold-starting). Sleeping 30s.
2026-08-12 07:05:13,352 [WORKER] [WARNING] API server error 500 (Render may be cold-starting). Sleeping 30s.
2026-08-12 07:05:44,604 [WORKER] [WARNING] API server error 500 (Render may be cold-starting). Sleeping 30s.
2026-08-12 07:06:16,066 [WORKER] [WARNING] API server error 500 (Render may be cold-starting). Sleeping 30s.
2026-08-12 07:06:47,615 [WORKER] [WARNING] API server error 500 (Render may be cold-starting). Sleeping 30s.
2026-08-12 07:07:18,801 [WORKER] [WARNING] API server error 500 (Render may be cold-starting). Sleeping 30s.
2026-08-12 07:07:49,992 [WORKER] [WARNING] API server error 500 (Render may be cold-starting). Sleeping 30s.
2026-08-12 07:08:21,812 [WORKER] [WARNING] API server error 500 (Render may be cold-starting). Sleeping 30s.
2026-08-12 07:08:52,954 [WORKER] [WARNING] API server error 500 (Render may be cold-starting). Sleeping 30s.
2026-08-12 07:09:23,988 [WORKER] [WARNING] API server error 500 (Render may be cold-starting). Sleeping 30s.
2026-08-12 07:09:55,435 [WORKER] [WARNING] API server error 500 (Render may be cold-starting). Sleeping 30s.
2026-08-12 07:10:26,446 [WORKER] [WARNING] API server error 500 (Render may be cold-starting). Sleeping 30s.
2026-08-12 07:10:57,396 [WORKER] [WARNING] API server error 500 (Render may be cold-starting). Sleeping 30s.
2026-08-12 07:11:28,370 [WORKER] [WARNING] API server error 500 (Render may be cold-starting). Sleeping 30s.
2026-08-12 07:12:01,712 [WORKER] [WARNING] API server error 500 (Render may be cold-starting). Sleeping 30s.
2026-08-12 07:12:33,306 [WORKER] [WARNING] API server error 500 (Render may be cold-starting). Sleeping 30s.
2026-08-12 07:13:04,359 [WORKER] [WARNING] API server error 500 (Render may be cold-starting). Sleeping 30s.
2026-08-12 07:13:36,575 [WORKER] [WARNING] API server error 500 (Render may be cold-starting). Sleeping 30s.
2026-08-12 07:14:07,977 [WORKER] [WARNING] API server error 500 (Render may be cold-starting). Sleeping 30s.
2026-08-12 07:14:38,949 [WORKER] [WARNING] API server error 500 (Render may be cold-starting). Sleeping 30s.
2026-08-12 07:15:10,055 [WORKER] [WARNING] API server error 500 (Render may be cold-starting). Sleeping 30s.
2026-08-12 07:15:41,173 [WORKER] [WARNING] API server error 500 (Render may be cold-starting). Sleeping 30s.
2026-08-12 07:16:12,214 [WORKER] [INFO] Job claimed: 62
2026-08-12 07:16:12,214 [WORKER] [INFO] MT5 ID: 123546987 | Expiry: 2026-09-12 | Plan: EA Basic Plan (1month)
2026-08-12 07:16:12,217 [WORKER] [INFO] Compilation started
[INFO] Starting compilation
[INFO] Source MQ5 template : C:\mt5-license-system\compiler\templates\bot.mq5
[INFO] MT5 ID              : 123546987
[INFO] Plan                : EA Basic Plan (1month)
[INFO] Expiry (raw)        : '2026-09-12'
[INFO] Expiry (normalized) : 2026-09-12
[INFO] Output MQ5 : C:\mt5-license-system\compiler\output\InfinityTrader_123546987_2026-09-12.mq5
[INFO] Output EX5 : C:\mt5-license-system\compiler\output\InfinityTrader_123546987_2026-09-12.ex5
[INFO] Compilation successful
[INFO] EX5 generated : C:\mt5-license-system\compiler\output\InfinityTrader_123546987_2026-09-12.ex5
[INFO] EX5 size      : 6840 bytes
2026-08-12 07:16:14,178 [WORKER] [INFO] Compilation successful
2026-08-12 07:16:14,179 [WORKER] [INFO] EX5 generated: C:\mt5-license-system\compiler\output\InfinityTrader_123546987_2026-09-12.ex5 (6840 bytes)
2026-08-12 07:16:14,179 [WORKER] [INFO] MT5 deployment started
[INFO] ============================================================
2026-08-12 07:16:14,179 ============================================================
[INFO] Starting EX5 deployment
2026-08-12 07:16:14,179 Starting EX5 deployment
[INFO] ============================================================
2026-08-12 07:16:14,179 ============================================================
[INFO] Source EX5       : C:\mt5-license-system\compiler\output\InfinityTrader_123546987_2026-09-12.ex5
2026-08-12 07:16:14,179 Source EX5       : C:\mt5-license-system\compiler\output\InfinityTrader_123546987_2026-09-12.ex5
[INFO] Source size      : 6840 bytes
2026-08-12 07:16:14,179 Source size      : 6840 bytes
[INFO] Discovering MT5 data folder...
2026-08-12 07:16:14,179 Discovering MT5 data folder...
[INFO] Discovering MT5 data folder under: C:\Users\infinityadmin\AppData\Roaming\MetaQuotes\Terminal
2026-08-12 07:16:14,179 Discovering MT5 data folder under: C:\Users\infinityadmin\AppData\Roaming\MetaQuotes\Terminal
[INFO] Examined folders: ['Common', 'Community', 'D0E8209F77C8CF37AD8BF550E51FF075']
2026-08-12 07:16:14,183 Examined folders: ['Common', 'Community', 'D0E8209F77C8CF37AD8BF550E51FF075']
[INFO] Valid MT5 instances found: 1
2026-08-12 07:16:14,183 Valid MT5 instances found: 1
[INFO] Selected MT5 instance: D0E8209F77C8CF37AD8BF550E51FF075  (score=55)
2026-08-12 07:16:14,184 Selected MT5 instance: D0E8209F77C8CF37AD8BF550E51FF075  (score=55)
[INFO] MT5 data folder  : C:\Users\infinityadmin\AppData\Roaming\MetaQuotes\Terminal\D0E8209F77C8CF37AD8BF550E51FF075
2026-08-12 07:16:14,184 MT5 data folder  : C:\Users\infinityadmin\AppData\Roaming\MetaQuotes\Terminal\D0E8209F77C8CF37AD8BF550E51FF075
[INFO] Experts folder   : C:\Users\infinityadmin\AppData\Roaming\MetaQuotes\Terminal\D0E8209F77C8CF37AD8BF550E51FF075\MQL5\Experts
2026-08-12 07:16:14,184 Experts folder   : C:\Users\infinityadmin\AppData\Roaming\MetaQuotes\Terminal\D0E8209F77C8CF37AD8BF550E51FF075\MQL5\Experts
[INFO] origin.txt points to MT5 install: C:\Program Files\MetaTrader 5
2026-08-12 07:16:14,184 origin.txt points to MT5 install: C:\Program Files\MetaTrader 5
[INFO] Destination path : C:\Users\infinityadmin\AppData\Roaming\MetaQuotes\Terminal\D0E8209F77C8CF37AD8BF550E51FF075\MQL5\Experts\InfinityTrader_123546987_2026-09-12.ex5
2026-08-12 07:16:14,186 Destination path : C:\Users\infinityadmin\AppData\Roaming\MetaQuotes\Terminal\D0E8209F77C8CF37AD8BF550E51FF075\MQL5\Experts\InfinityTrader_123546987_2026-09-12.ex5
[INFO] Calculating source SHA-256...
2026-08-12 07:16:14,186 Calculating source SHA-256...
[INFO] Source SHA-256   : 9bc91af0f481297c819ae928cf4b588ab1dc8575ce69e969cdf94b5ea0652e06
2026-08-12 07:16:14,188 Source SHA-256   : 9bc91af0f481297c819ae928cf4b588ab1dc8575ce69e969cdf94b5ea0652e06
[INFO] Copying EX5 with shutil.copy2()...
2026-08-12 07:16:14,188 Copying EX5 with shutil.copy2()...
[INFO] Destination size : 6840 bytes
2026-08-12 07:16:14,192 Destination size : 6840 bytes
[INFO] File sizes match [OK]
2026-08-12 07:16:14,192 File sizes match [OK]
[INFO] Calculating destination SHA-256...
2026-08-12 07:16:14,192 Calculating destination SHA-256...
[INFO] Destination SHA-256: 9bc91af0f481297c819ae928cf4b588ab1dc8575ce69e969cdf94b5ea0652e06
2026-08-12 07:16:14,207 Destination SHA-256: 9bc91af0f481297c819ae928cf4b588ab1dc8575ce69e969cdf94b5ea0652e06
[INFO] SHA-256 hashes match [OK]
2026-08-12 07:16:14,207 SHA-256 hashes match [OK]
[SUCCESS] EX5 deployment completed
2026-08-12 07:16:14,207 EX5 deployment completed
[INFO] ============================================================
2026-08-12 07:16:14,207 ============================================================
2026-08-12 07:16:14,207 [WORKER] [INFO] MT5 deployment successful
2026-08-12 07:16:14,207 [WORKER] [INFO] Deployed to: C:\Users\infinityadmin\AppData\Roaming\MetaQuotes\Terminal\D0E8209F77C8CF37AD8BF550E51FF075\MQL5\Experts\InfinityTrader_123546987_2026-09-12.ex5
2026-08-12 07:16:14,207 [WORKER] [INFO] Size: 6840 bytes | SHA-256 match: True
2026-08-12 07:16:14,207 [WORKER] [INFO] Upload started
2026-08-12 07:16:18,235 [WORKER] [INFO] Upload successful
2026-08-12 07:16:18,235 [WORKER] [SUCCESS] Job completed: 62
2026-08-12 07:33:57,556 [WORKER] [INFO] Job claimed: 63
2026-08-12 07:33:57,578 [WORKER] [INFO] MT5 ID: MT5_9192f4c8 | Expiry: 2026-09-16 | Plan: EA Basic Plan (1month)
2026-08-12 07:33:57,579 [WORKER] [INFO] Compilation started
[INFO] Starting compilation
[INFO] Source MQ5 template : C:\mt5-license-system\compiler\templates\bot.mq5
[INFO] MT5 ID              : MT5_9192f4c8
[INFO] Plan                : EA Basic Plan (1month)
[INFO] Expiry (raw)        : '2026-09-16'
[INFO] Expiry (normalized) : 2026-09-16
[INFO] Output MQ5 : C:\mt5-license-system\compiler\output\InfinityTrader_MT5_9192f4c8_2026-09-16.mq5
[INFO] Output EX5 : C:\mt5-license-system\compiler\output\InfinityTrader_MT5_9192f4c8_2026-09-16.ex5
[INFO] Compilation successful
[INFO] EX5 generated : C:\mt5-license-system\compiler\output\InfinityTrader_MT5_9192f4c8_2026-09-16.ex5
[INFO] EX5 size      : 7448 bytes
2026-08-12 07:33:59,113 [WORKER] [INFO] Compilation successful
2026-08-12 07:33:59,113 [WORKER] [INFO] EX5 generated: C:\mt5-license-system\compiler\output\InfinityTrader_MT5_9192f4c8_2026-09-16.ex5 (7448 bytes)
2026-08-12 07:33:59,113 [WORKER] [INFO] MT5 deployment started
[INFO] ============================================================
2026-08-12 07:33:59,114 ============================================================
[INFO] Starting EX5 deployment
2026-08-12 07:33:59,114 Starting EX5 deployment
[INFO] ============================================================
2026-08-12 07:33:59,114 ============================================================
[INFO] Source EX5       : C:\mt5-license-system\compiler\output\InfinityTrader_MT5_9192f4c8_2026-09-16.ex5
2026-08-12 07:33:59,114 Source EX5       : C:\mt5-license-system\compiler\output\InfinityTrader_MT5_9192f4c8_2026-09-16.ex5
[INFO] Source size      : 7448 bytes
2026-08-12 07:33:59,114 Source size      : 7448 bytes
[INFO] Discovering MT5 data folder...
2026-08-12 07:33:59,114 Discovering MT5 data folder...
[INFO] Discovering MT5 data folder under: C:\Users\infinityadmin\AppData\Roaming\MetaQuotes\Terminal
2026-08-12 07:33:59,114 Discovering MT5 data folder under: C:\Users\infinityadmin\AppData\Roaming\MetaQuotes\Terminal
[INFO] Examined folders: ['Common', 'Community', 'D0E8209F77C8CF37AD8BF550E51FF075']
2026-08-12 07:33:59,119 Examined folders: ['Common', 'Community', 'D0E8209F77C8CF37AD8BF550E51FF075']
[INFO] Valid MT5 instances found: 1
2026-08-12 07:33:59,119 Valid MT5 instances found: 1
[INFO] Selected MT5 instance: D0E8209F77C8CF37AD8BF550E51FF075  (score=55)
2026-08-12 07:33:59,120 Selected MT5 instance: D0E8209F77C8CF37AD8BF550E51FF075  (score=55)
[INFO] MT5 data folder  : C:\Users\infinityadmin\AppData\Roaming\MetaQuotes\Terminal\D0E8209F77C8CF37AD8BF550E51FF075
2026-08-12 07:33:59,120 MT5 data folder  : C:\Users\infinityadmin\AppData\Roaming\MetaQuotes\Terminal\D0E8209F77C8CF37AD8BF550E51FF075
[INFO] Experts folder   : C:\Users\infinityadmin\AppData\Roaming\MetaQuotes\Terminal\D0E8209F77C8CF37AD8BF550E51FF075\MQL5\Experts
2026-08-12 07:33:59,120 Experts folder   : C:\Users\infinityadmin\AppData\Roaming\MetaQuotes\Terminal\D0E8209F77C8CF37AD8BF550E51FF075\MQL5\Experts
[INFO] origin.txt points to MT5 install: C:\Program Files\MetaTrader 5
2026-08-12 07:33:59,120 origin.txt points to MT5 install: C:\Program Files\MetaTrader 5
[INFO] Destination path : C:\Users\infinityadmin\AppData\Roaming\MetaQuotes\Terminal\D0E8209F77C8CF37AD8BF550E51FF075\MQL5\Experts\InfinityTrader_MT5_9192f4c8_2026-09-16.ex5
2026-08-12 07:33:59,121 Destination path : C:\Users\infinityadmin\AppData\Roaming\MetaQuotes\Terminal\D0E8209F77C8CF37AD8BF550E51FF075\MQL5\Experts\InfinityTrader_MT5_9192f4c8_2026-09-16.ex5
[INFO] Calculating source SHA-256...
2026-08-12 07:33:59,121 Calculating source SHA-256...
[INFO] Source SHA-256   : 0663afd618da67e8a70322fa4be841014a6bc00230e1b93a271104968e1a5791
2026-08-12 07:33:59,124 Source SHA-256   : 0663afd618da67e8a70322fa4be841014a6bc00230e1b93a271104968e1a5791
[INFO] Copying EX5 with shutil.copy2()...
2026-08-12 07:33:59,124 Copying EX5 with shutil.copy2()...
[INFO] Destination size : 7448 bytes
2026-08-12 07:33:59,128 Destination size : 7448 bytes
[INFO] File sizes match [OK]
2026-08-12 07:33:59,128 File sizes match [OK]
[INFO] Calculating destination SHA-256...
2026-08-12 07:33:59,128 Calculating destination SHA-256...
[INFO] Destination SHA-256: 0663afd618da67e8a70322fa4be841014a6bc00230e1b93a271104968e1a5791
2026-08-12 07:33:59,139 Destination SHA-256: 0663afd618da67e8a70322fa4be841014a6bc00230e1b93a271104968e1a5791
[INFO] SHA-256 hashes match [OK]
2026-08-12 07:33:59,139 SHA-256 hashes match [OK]
[SUCCESS] EX5 deployment completed
2026-08-12 07:33:59,139 EX5 deployment completed
[INFO] ============================================================
2026-08-12 07:33:59,139 ============================================================
2026-08-12 07:33:59,139 [WORKER] [INFO] MT5 deployment successful
2026-08-12 07:33:59,139 [WORKER] [INFO] Deployed to: C:\Users\infinityadmin\AppData\Roaming\MetaQuotes\Terminal\D0E8209F77C8CF37AD8BF550E51FF075\MQL5\Experts\InfinityTrader_MT5_9192f4c8_2026-09-16.ex5
2026-08-12 07:33:59,139 [WORKER] [INFO] Size: 7448 bytes | SHA-256 match: True
2026-08-12 07:33:59,140 [WORKER] [INFO] Upload started
2026-08-12 07:34:05,758 [WORKER] [INFO] Upload successful
2026-08-12 07:34:05,758 [WORKER] [SUCCESS] Job completed: 63
2026-08-12 07:34:12,656 [WORKER] [INFO] Job claimed: 64
2026-08-12 07:34:12,656 [WORKER] [INFO] MT5 ID: MT5_9192f4c8 | Expiry: 2026-09-16 | Plan: EA Basic Plan (1month)
2026-08-12 07:34:12,656 [WORKER] [INFO] Compilation started
[INFO] Starting compilation
[INFO] Source MQ5 template : C:\mt5-license-system\compiler\templates\bot.mq5
[INFO] MT5 ID              : MT5_9192f4c8
[INFO] Plan                : EA Basic Plan (1month)
[INFO] Expiry (raw)        : '2026-09-16'
[INFO] Expiry (normalized) : 2026-09-16
[INFO] Output MQ5 : C:\mt5-license-system\compiler\output\InfinityTrader_MT5_9192f4c8_2026-09-16.mq5
[INFO] Output EX5 : C:\mt5-license-system\compiler\output\InfinityTrader_MT5_9192f4c8_2026-09-16.ex5
[INFO] Compilation successful
[INFO] EX5 generated : C:\mt5-license-system\compiler\output\InfinityTrader_MT5_9192f4c8_2026-09-16.ex5
[INFO] EX5 size      : 7248 bytes
2026-08-12 07:34:13,546 [WORKER] [INFO] Compilation successful
2026-08-12 07:34:13,547 [WORKER] [INFO] EX5 generated: C:\mt5-license-system\compiler\output\InfinityTrader_MT5_9192f4c8_2026-09-16.ex5 (7248 bytes)
2026-08-12 07:34:13,547 [WORKER] [INFO] MT5 deployment started
[INFO] ============================================================
2026-08-12 07:34:13,547 ============================================================
[INFO] Starting EX5 deployment
2026-08-12 07:34:13,547 Starting EX5 deployment
[INFO] ============================================================
2026-08-12 07:34:13,547 ============================================================
[INFO] Source EX5       : C:\mt5-license-system\compiler\output\InfinityTrader_MT5_9192f4c8_2026-09-16.ex5
2026-08-12 07:34:13,547 Source EX5       : C:\mt5-license-system\compiler\output\InfinityTrader_MT5_9192f4c8_2026-09-16.ex5
[INFO] Source size      : 7248 bytes
2026-08-12 07:34:13,547 Source size      : 7248 bytes
[INFO] Discovering MT5 data folder...
2026-08-12 07:34:13,547 Discovering MT5 data folder...
[INFO] Discovering MT5 data folder under: C:\Users\infinityadmin\AppData\Roaming\MetaQuotes\Terminal
2026-08-12 07:34:13,547 Discovering MT5 data folder under: C:\Users\infinityadmin\AppData\Roaming\MetaQuotes\Terminal
[INFO] Examined folders: ['Common', 'Community', 'D0E8209F77C8CF37AD8BF550E51FF075']
2026-08-12 07:34:13,548 Examined folders: ['Common', 'Community', 'D0E8209F77C8CF37AD8BF550E51FF075']
[INFO] Valid MT5 instances found: 1
2026-08-12 07:34:13,548 Valid MT5 instances found: 1
[INFO] Selected MT5 instance: D0E8209F77C8CF37AD8BF550E51FF075  (score=55)
2026-08-12 07:34:13,549 Selected MT5 instance: D0E8209F77C8CF37AD8BF550E51FF075  (score=55)
[INFO] MT5 data folder  : C:\Users\infinityadmin\AppData\Roaming\MetaQuotes\Terminal\D0E8209F77C8CF37AD8BF550E51FF075
2026-08-12 07:34:13,549 MT5 data folder  : C:\Users\infinityadmin\AppData\Roaming\MetaQuotes\Terminal\D0E8209F77C8CF37AD8BF550E51FF075
[INFO] Experts folder   : C:\Users\infinityadmin\AppData\Roaming\MetaQuotes\Terminal\D0E8209F77C8CF37AD8BF550E51FF075\MQL5\Experts
2026-08-12 07:34:13,549 Experts folder   : C:\Users\infinityadmin\AppData\Roaming\MetaQuotes\Terminal\D0E8209F77C8CF37AD8BF550E51FF075\MQL5\Experts
[INFO] origin.txt points to MT5 install: C:\Program Files\MetaTrader 5
2026-08-12 07:34:13,549 origin.txt points to MT5 install: C:\Program Files\MetaTrader 5
[INFO] Destination path : C:\Users\infinityadmin\AppData\Roaming\MetaQuotes\Terminal\D0E8209F77C8CF37AD8BF550E51FF075\MQL5\Experts\InfinityTrader_MT5_9192f4c8_2026-09-16.ex5
2026-08-12 07:34:13,549 Destination path : C:\Users\infinityadmin\AppData\Roaming\MetaQuotes\Terminal\D0E8209F77C8CF37AD8BF550E51FF075\MQL5\Experts\InfinityTrader_MT5_9192f4c8_2026-09-16.ex5
[INFO] Destination file already exists — will overwrite safely
2026-08-12 07:34:13,550 Destination file already exists — will overwrite safely
[INFO] Calculating source SHA-256...
2026-08-12 07:34:13,550 Calculating source SHA-256...
[INFO] Source SHA-256   : 4d91c312dcb3f3a256f6b6fba185fa8a71d010b053821a6e7ba1835a6e52ce08
2026-08-12 07:34:13,550 Source SHA-256   : 4d91c312dcb3f3a256f6b6fba185fa8a71d010b053821a6e7ba1835a6e52ce08
[INFO] Copying EX5 with shutil.copy2()...
2026-08-12 07:34:13,550 Copying EX5 with shutil.copy2()...
[INFO] Destination size : 7248 bytes
2026-08-12 07:34:13,551 Destination size : 7248 bytes
[INFO] File sizes match [OK]
2026-08-12 07:34:13,551 File sizes match [OK]
[INFO] Calculating destination SHA-256...
2026-08-12 07:34:13,551 Calculating destination SHA-256...
[INFO] Destination SHA-256: 4d91c312dcb3f3a256f6b6fba185fa8a71d010b053821a6e7ba1835a6e52ce08
2026-08-12 07:34:13,558 Destination SHA-256: 4d91c312dcb3f3a256f6b6fba185fa8a71d010b053821a6e7ba1835a6e52ce08
[INFO] SHA-256 hashes match [OK]
2026-08-12 07:34:13,558 SHA-256 hashes match [OK]
[SUCCESS] EX5 deployment completed
2026-08-12 07:34:13,558 EX5 deployment completed
[INFO] ============================================================
2026-08-12 07:34:13,558 ============================================================
2026-08-12 07:34:13,558 [WORKER] [INFO] MT5 deployment successful
2026-08-12 07:34:13,558 [WORKER] [INFO] Deployed to: C:\Users\infinityadmin\AppData\Roaming\MetaQuotes\Terminal\D0E8209F77C8CF37AD8BF550E51FF075\MQL5\Experts\InfinityTrader_MT5_9192f4c8_2026-09-16.ex5
2026-08-12 07:34:13,558 [WORKER] [INFO] Size: 7248 bytes | SHA-256 match: True
2026-08-12 07:34:13,558 [WORKER] [INFO] Upload started
2026-08-12 07:34:17,971 [WORKER] [INFO] Upload successful
2026-08-12 07:34:17,971 [WORKER] [SUCCESS] Job completed: 64
2026-08-12 07:37:29,219 [WORKER] [INFO] Job claimed: 65
2026-08-12 07:37:29,220 [WORKER] [INFO] MT5 ID: 12345688 | Expiry: 2026-09-12 | Plan: EA Basic Plan (1month)
2026-08-12 07:37:29,220 [WORKER] [INFO] Compilation started
[INFO] Starting compilation
[INFO] Source MQ5 template : C:\mt5-license-system\compiler\templates\bot.mq5
[INFO] MT5 ID              : 12345688
[INFO] Plan                : EA Basic Plan (1month)
[INFO] Expiry (raw)        : '2026-09-12'
[INFO] Expiry (normalized) : 2026-09-12
[INFO] Output MQ5 : C:\mt5-license-system\compiler\output\InfinityTrader_12345688_2026-09-12.mq5
[INFO] Output EX5 : C:\mt5-license-system\compiler\output\InfinityTrader_12345688_2026-09-12.ex5
[INFO] Compilation successful
[INFO] EX5 generated : C:\mt5-license-system\compiler\output\InfinityTrader_12345688_2026-09-12.ex5
[INFO] EX5 size      : 7258 bytes
2026-08-12 07:37:30,567 [WORKER] [INFO] Compilation successful
2026-08-12 07:37:30,567 [WORKER] [INFO] EX5 generated: C:\mt5-license-system\compiler\output\InfinityTrader_12345688_2026-09-12.ex5 (7258 bytes)
2026-08-12 07:37:30,567 [WORKER] [INFO] MT5 deployment started
[INFO] ============================================================
2026-08-12 07:37:30,567 ============================================================
[INFO] Starting EX5 deployment
2026-08-12 07:37:30,567 Starting EX5 deployment
[INFO] ============================================================
2026-08-12 07:37:30,567 ============================================================
[INFO] Source EX5       : C:\mt5-license-system\compiler\output\InfinityTrader_12345688_2026-09-12.ex5
2026-08-12 07:37:30,567 Source EX5       : C:\mt5-license-system\compiler\output\InfinityTrader_12345688_2026-09-12.ex5
[INFO] Source size      : 7258 bytes
2026-08-12 07:37:30,568 Source size      : 7258 bytes
[INFO] Discovering MT5 data folder...
2026-08-12 07:37:30,568 Discovering MT5 data folder...
[INFO] Discovering MT5 data folder under: C:\Users\infinityadmin\AppData\Roaming\MetaQuotes\Terminal
2026-08-12 07:37:30,568 Discovering MT5 data folder under: C:\Users\infinityadmin\AppData\Roaming\MetaQuotes\Terminal
[INFO] Examined folders: ['Common', 'Community', 'D0E8209F77C8CF37AD8BF550E51FF075']
2026-08-12 07:37:30,570 Examined folders: ['Common', 'Community', 'D0E8209F77C8CF37AD8BF550E51FF075']
[INFO] Valid MT5 instances found: 1
2026-08-12 07:37:30,570 Valid MT5 instances found: 1
[INFO] Selected MT5 instance: D0E8209F77C8CF37AD8BF550E51FF075  (score=55)
2026-08-12 07:37:30,571 Selected MT5 instance: D0E8209F77C8CF37AD8BF550E51FF075  (score=55)
[INFO] MT5 data folder  : C:\Users\infinityadmin\AppData\Roaming\MetaQuotes\Terminal\D0E8209F77C8CF37AD8BF550E51FF075
2026-08-12 07:37:30,571 MT5 data folder  : C:\Users\infinityadmin\AppData\Roaming\MetaQuotes\Terminal\D0E8209F77C8CF37AD8BF550E51FF075
[INFO] Experts folder   : C:\Users\infinityadmin\AppData\Roaming\MetaQuotes\Terminal\D0E8209F77C8CF37AD8BF550E51FF075\MQL5\Experts
2026-08-12 07:37:30,571 Experts folder   : C:\Users\infinityadmin\AppData\Roaming\MetaQuotes\Terminal\D0E8209F77C8CF37AD8BF550E51FF075\MQL5\Experts
[INFO] origin.txt points to MT5 install: C:\Program Files\MetaTrader 5
2026-08-12 07:37:30,571 origin.txt points to MT5 install: C:\Program Files\MetaTrader 5
[INFO] Destination path : C:\Users\infinityadmin\AppData\Roaming\MetaQuotes\Terminal\D0E8209F77C8CF37AD8BF550E51FF075\MQL5\Experts\InfinityTrader_12345688_2026-09-12.ex5
2026-08-12 07:37:30,571 Destination path : C:\Users\infinityadmin\AppData\Roaming\MetaQuotes\Terminal\D0E8209F77C8CF37AD8BF550E51FF075\MQL5\Experts\InfinityTrader_12345688_2026-09-12.ex5
[INFO] Calculating source SHA-256...
2026-08-12 07:37:30,571 Calculating source SHA-256...
[INFO] Source SHA-256   : a048311e60a509dcf63fa8b0df727ab428f71479bccff1e5f7cdaff557d15b0c
2026-08-12 07:37:30,572 Source SHA-256   : a048311e60a509dcf63fa8b0df727ab428f71479bccff1e5f7cdaff557d15b0c
[INFO] Copying EX5 with shutil.copy2()...
2026-08-12 07:37:30,572 Copying EX5 with shutil.copy2()...
[INFO] Destination size : 7258 bytes
2026-08-12 07:37:30,575 Destination size : 7258 bytes
[INFO] File sizes match [OK]
2026-08-12 07:37:30,576 File sizes match [OK]
[INFO] Calculating destination SHA-256...
2026-08-12 07:37:30,576 Calculating destination SHA-256...
[INFO] Destination SHA-256: a048311e60a509dcf63fa8b0df727ab428f71479bccff1e5f7cdaff557d15b0c
2026-08-12 07:37:30,584 Destination SHA-256: a048311e60a509dcf63fa8b0df727ab428f71479bccff1e5f7cdaff557d15b0c
[INFO] SHA-256 hashes match [OK]
2026-08-12 07:37:30,584 SHA-256 hashes match [OK]
[SUCCESS] EX5 deployment completed
2026-08-12 07:37:30,584 EX5 deployment completed
[INFO] ============================================================
2026-08-12 07:37:30,584 ============================================================
2026-08-12 07:37:30,584 [WORKER] [INFO] MT5 deployment successful
2026-08-12 07:37:30,584 [WORKER] [INFO] Deployed to: C:\Users\infinityadmin\AppData\Roaming\MetaQuotes\Terminal\D0E8209F77C8CF37AD8BF550E51FF075\MQL5\Experts\InfinityTrader_12345688_2026-09-12.ex5
2026-08-12 07:37:30,584 [WORKER] [INFO] Size: 7258 bytes | SHA-256 match: True
2026-08-12 07:37:30,584 [WORKER] [INFO] Upload started
2026-08-12 07:37:34,624 [WORKER] [INFO] Upload successful
2026-08-12 07:37:34,624 [WORKER] [SUCCESS] Job completed: 65
2026-08-12 07:41:20,587 [WORKER] [INFO] Job claimed: 66
2026-08-12 07:41:20,587 [WORKER] [INFO] MT5 ID: 625262637 | Expiry: 2026-09-16 | Plan: EA Basic Plan (1month)
2026-08-12 07:41:20,587 [WORKER] [INFO] Compilation started
[INFO] Starting compilation
[INFO] Source MQ5 template : C:\mt5-license-system\compiler\templates\bot.mq5
[INFO] MT5 ID              : 625262637
[INFO] Plan                : EA Basic Plan (1month)
[INFO] Expiry (raw)        : '2026-09-16'
[INFO] Expiry (normalized) : 2026-09-16
[INFO] Output MQ5 : C:\mt5-license-system\compiler\output\InfinityTrader_625262637_2026-09-16.mq5
[INFO] Output EX5 : C:\mt5-license-system\compiler\output\InfinityTrader_625262637_2026-09-16.ex5
[INFO] Compilation successful
[INFO] EX5 generated : C:\mt5-license-system\compiler\output\InfinityTrader_625262637_2026-09-16.ex5
[INFO] EX5 size      : 7508 bytes
2026-08-12 07:41:21,742 [WORKER] [INFO] Compilation successful
2026-08-12 07:41:21,742 [WORKER] [INFO] EX5 generated: C:\mt5-license-system\compiler\output\InfinityTrader_625262637_2026-09-16.ex5 (7508 bytes)
2026-08-12 07:41:21,742 [WORKER] [INFO] MT5 deployment started
[INFO] ============================================================
2026-08-12 07:41:21,743 ============================================================
[INFO] Starting EX5 deployment
2026-08-12 07:41:21,743 Starting EX5 deployment
[INFO] ============================================================
2026-08-12 07:41:21,743 ============================================================
[INFO] Source EX5       : C:\mt5-license-system\compiler\output\InfinityTrader_625262637_2026-09-16.ex5
2026-08-12 07:41:21,743 Source EX5       : C:\mt5-license-system\compiler\output\InfinityTrader_625262637_2026-09-16.ex5
[INFO] Source size      : 7508 bytes
2026-08-12 07:41:21,743 Source size      : 7508 bytes
[INFO] Discovering MT5 data folder...
2026-08-12 07:41:21,743 Discovering MT5 data folder...
[INFO] Discovering MT5 data folder under: C:\Users\infinityadmin\AppData\Roaming\MetaQuotes\Terminal
2026-08-12 07:41:21,744 Discovering MT5 data folder under: C:\Users\infinityadmin\AppData\Roaming\MetaQuotes\Terminal
[INFO] Examined folders: ['Common', 'Community', 'D0E8209F77C8CF37AD8BF550E51FF075']
2026-08-12 07:41:21,750 Examined folders: ['Common', 'Community', 'D0E8209F77C8CF37AD8BF550E51FF075']
[INFO] Valid MT5 instances found: 1
2026-08-12 07:41:21,750 Valid MT5 instances found: 1
[INFO] Selected MT5 instance: D0E8209F77C8CF37AD8BF550E51FF075  (score=55)
2026-08-12 07:41:21,750 Selected MT5 instance: D0E8209F77C8CF37AD8BF550E51FF075  (score=55)
[INFO] MT5 data folder  : C:\Users\infinityadmin\AppData\Roaming\MetaQuotes\Terminal\D0E8209F77C8CF37AD8BF550E51FF075
2026-08-12 07:41:21,750 MT5 data folder  : C:\Users\infinityadmin\AppData\Roaming\MetaQuotes\Terminal\D0E8209F77C8CF37AD8BF550E51FF075
[INFO] Experts folder   : C:\Users\infinityadmin\AppData\Roaming\MetaQuotes\Terminal\D0E8209F77C8CF37AD8BF550E51FF075\MQL5\Experts
2026-08-12 07:41:21,750 Experts folder   : C:\Users\infinityadmin\AppData\Roaming\MetaQuotes\Terminal\D0E8209F77C8CF37AD8BF550E51FF075\MQL5\Experts
[INFO] origin.txt points to MT5 install: C:\Program Files\MetaTrader 5
2026-08-12 07:41:21,750 origin.txt points to MT5 install: C:\Program Files\MetaTrader 5
[INFO] Destination path : C:\Users\infinityadmin\AppData\Roaming\MetaQuotes\Terminal\D0E8209F77C8CF37AD8BF550E51FF075\MQL5\Experts\InfinityTrader_625262637_2026-09-16.ex5
2026-08-12 07:41:21,752 Destination path : C:\Users\infinityadmin\AppData\Roaming\MetaQuotes\Terminal\D0E8209F77C8CF37AD8BF550E51FF075\MQL5\Experts\InfinityTrader_625262637_2026-09-16.ex5
[INFO] Calculating source SHA-256...
2026-08-12 07:41:21,752 Calculating source SHA-256...
[INFO] Source SHA-256   : 83c15c7b305b9e85f75fcccd8da59b601766338055092cfc9fb2e6a35e75f9b1
2026-08-12 07:41:21,755 Source SHA-256   : 83c15c7b305b9e85f75fcccd8da59b601766338055092cfc9fb2e6a35e75f9b1
[INFO] Copying EX5 with shutil.copy2()...
2026-08-12 07:41:21,755 Copying EX5 with shutil.copy2()...
[INFO] Destination size : 7508 bytes
2026-08-12 07:41:21,758 Destination size : 7508 bytes
[INFO] File sizes match [OK]
2026-08-12 07:41:21,758 File sizes match [OK]
[INFO] Calculating destination SHA-256...
2026-08-12 07:41:21,758 Calculating destination SHA-256...
[INFO] Destination SHA-256: 83c15c7b305b9e85f75fcccd8da59b601766338055092cfc9fb2e6a35e75f9b1
2026-08-12 07:41:21,766 Destination SHA-256: 83c15c7b305b9e85f75fcccd8da59b601766338055092cfc9fb2e6a35e75f9b1
[INFO] SHA-256 hashes match [OK]
2026-08-12 07:41:21,766 SHA-256 hashes match [OK]
[SUCCESS] EX5 deployment completed
2026-08-12 07:41:21,766 EX5 deployment completed
[INFO] ============================================================
2026-08-12 07:41:21,766 ============================================================
2026-08-12 07:41:21,767 [WORKER] [INFO] MT5 deployment successful
2026-08-12 07:41:21,767 [WORKER] [INFO] Deployed to: C:\Users\infinityadmin\AppData\Roaming\MetaQuotes\Terminal\D0E8209F77C8CF37AD8BF550E51FF075\MQL5\Experts\InfinityTrader_625262637_2026-09-16.ex5
2026-08-12 07:41:21,767 [WORKER] [INFO] Size: 7508 bytes | SHA-256 match: True
2026-08-12 07:41:21,767 [WORKER] [INFO] Upload started
2026-08-12 07:41:24,414 [WORKER] [INFO] Upload successful
2026-08-12 07:41:24,414 [WORKER] [SUCCESS] Job completed: 66
2026-08-12 07:49:34,427 [WORKER] [ERROR] Malformed job payload (missing job_id or mt5_id): {'job_id': 67, 'license_id': 63, 'mt5_id': '', 'expiry_date': '2026-09-12', 'plan': 'EA Basic Plan (1month)'}
2026-08-12 07:52:50,069 [WORKER] [ERROR] Malformed job payload (missing job_id or mt5_id): {'job_id': 68, 'license_id': 64, 'mt5_id': '', 'expiry_date': '2026-09-12', 'plan': 'EA Basic Plan (1month)'}
2026-08-12 07:53:32,470 [WORKER] [ERROR] Malformed job payload (missing job_id or mt5_id): {'job_id': 69, 'license_id': 65, 'mt5_id': '', 'expiry_date': '2026-09-12', 'plan': 'EA Basic Plan (1month)'}
2026-08-12 07:56:22,933 [WORKER] [INFO] Job claimed: 70
2026-08-12 07:56:22,934 [WORKER] [INFO] MT5 ID: 123456782 | Expiry: 2026-09-16 | Plan: Infinity Trader EA - Lifetime
2026-08-12 07:56:22,935 [WORKER] [INFO] Compilation started
[INFO] Starting compilation
[INFO] Source MQ5 template : C:\mt5-license-system\compiler\templates\bot.mq5
[INFO] MT5 ID              : 123456782
[INFO] Plan                : Infinity Trader EA - Lifetime
[INFO] Expiry (raw)        : '2026-09-16'
[INFO] Expiry (normalized) : 2026-09-16
[INFO] Output MQ5 : C:\mt5-license-system\compiler\output\InfinityTrader_123456782_2026-09-16.mq5
[INFO] Output EX5 : C:\mt5-license-system\compiler\output\InfinityTrader_123456782_2026-09-16.ex5
[INFO] Compilation successful
[INFO] EX5 generated : C:\mt5-license-system\compiler\output\InfinityTrader_123456782_2026-09-16.ex5
[INFO] EX5 size      : 6384 bytes
2026-08-12 07:56:24,828 [WORKER] [INFO] Compilation successful
2026-08-12 07:56:24,828 [WORKER] [INFO] EX5 generated: C:\mt5-license-system\compiler\output\InfinityTrader_123456782_2026-09-16.ex5 (6384 bytes)
2026-08-12 07:56:24,829 [WORKER] [INFO] MT5 deployment started
[INFO] ============================================================
2026-08-12 07:56:24,829 ============================================================
[INFO] Starting EX5 deployment
2026-08-12 07:56:24,829 Starting EX5 deployment
[INFO] ============================================================
2026-08-12 07:56:24,829 ============================================================
[INFO] Source EX5       : C:\mt5-license-system\compiler\output\InfinityTrader_123456782_2026-09-16.ex5
2026-08-12 07:56:24,829 Source EX5       : C:\mt5-license-system\compiler\output\InfinityTrader_123456782_2026-09-16.ex5
[INFO] Source size      : 6384 bytes
2026-08-12 07:56:24,830 Source size      : 6384 bytes
[INFO] Discovering MT5 data folder...
2026-08-12 07:56:24,830 Discovering MT5 data folder...
[INFO] Discovering MT5 data folder under: C:\Users\infinityadmin\AppData\Roaming\MetaQuotes\Terminal
2026-08-12 07:56:24,830 Discovering MT5 data folder under: C:\Users\infinityadmin\AppData\Roaming\MetaQuotes\Terminal
[INFO] Examined folders: ['Common', 'Community', 'D0E8209F77C8CF37AD8BF550E51FF075']
2026-08-12 07:56:24,835 Examined folders: ['Common', 'Community', 'D0E8209F77C8CF37AD8BF550E51FF075']
[INFO] Valid MT5 instances found: 1
2026-08-12 07:56:24,835 Valid MT5 instances found: 1
[INFO] Selected MT5 instance: D0E8209F77C8CF37AD8BF550E51FF075  (score=55)
2026-08-12 07:56:24,835 Selected MT5 instance: D0E8209F77C8CF37AD8BF550E51FF075  (score=55)
[INFO] MT5 data folder  : C:\Users\infinityadmin\AppData\Roaming\MetaQuotes\Terminal\D0E8209F77C8CF37AD8BF550E51FF075
2026-08-12 07:56:24,835 MT5 data folder  : C:\Users\infinityadmin\AppData\Roaming\MetaQuotes\Terminal\D0E8209F77C8CF37AD8BF550E51FF075
[INFO] Experts folder   : C:\Users\infinityadmin\AppData\Roaming\MetaQuotes\Terminal\D0E8209F77C8CF37AD8BF550E51FF075\MQL5\Experts
2026-08-12 07:56:24,835 Experts folder   : C:\Users\infinityadmin\AppData\Roaming\MetaQuotes\Terminal\D0E8209F77C8CF37AD8BF550E51FF075\MQL5\Experts
[INFO] origin.txt points to MT5 install: C:\Program Files\MetaTrader 5
2026-08-12 07:56:24,835 origin.txt points to MT5 install: C:\Program Files\MetaTrader 5
[INFO] Destination path : C:\Users\infinityadmin\AppData\Roaming\MetaQuotes\Terminal\D0E8209F77C8CF37AD8BF550E51FF075\MQL5\Experts\InfinityTrader_123456782_2026-09-16.ex5
2026-08-12 07:56:24,837 Destination path : C:\Users\infinityadmin\AppData\Roaming\MetaQuotes\Terminal\D0E8209F77C8CF37AD8BF550E51FF075\MQL5\Experts\InfinityTrader_123456782_2026-09-16.ex5
[INFO] Calculating source SHA-256...
2026-08-12 07:56:24,837 Calculating source SHA-256...
[INFO] Source SHA-256   : 538b5050e06acad6cc43c1b9f2e1b4c064b43043f190f77f74ee7dcd800f3334
2026-08-12 07:56:24,839 Source SHA-256   : 538b5050e06acad6cc43c1b9f2e1b4c064b43043f190f77f74ee7dcd800f3334
[INFO] Copying EX5 with shutil.copy2()...
2026-08-12 07:56:24,840 Copying EX5 with shutil.copy2()...
[INFO] Destination size : 6384 bytes
2026-08-12 07:56:24,845 Destination size : 6384 bytes
[INFO] File sizes match [OK]
2026-08-12 07:56:24,846 File sizes match [OK]
[INFO] Calculating destination SHA-256...
2026-08-12 07:56:24,846 Calculating destination SHA-256...
[INFO] Destination SHA-256: 538b5050e06acad6cc43c1b9f2e1b4c064b43043f190f77f74ee7dcd800f3334
2026-08-12 07:56:24,881 Destination SHA-256: 538b5050e06acad6cc43c1b9f2e1b4c064b43043f190f77f74ee7dcd800f3334
[INFO] SHA-256 hashes match [OK]
2026-08-12 07:56:24,881 SHA-256 hashes match [OK]
[SUCCESS] EX5 deployment completed
2026-08-12 07:56:24,881 EX5 deployment completed
[INFO] ============================================================
2026-08-12 07:56:24,881 ============================================================
2026-08-12 07:56:24,881 [WORKER] [INFO] MT5 deployment successful
2026-08-12 07:56:24,881 [WORKER] [INFO] Deployed to: C:\Users\infinityadmin\AppData\Roaming\MetaQuotes\Terminal\D0E8209F77C8CF37AD8BF550E51FF075\MQL5\Experts\InfinityTrader_123456782_2026-09-16.ex5
2026-08-12 07:56:24,881 [WORKER] [INFO] Size: 6384 bytes | SHA-256 match: True
2026-08-12 07:56:24,881 [WORKER] [INFO] Upload started
2026-08-12 07:56:29,591 [WORKER] [INFO] Upload successful
2026-08-12 07:56:29,591 [WORKER] [SUCCESS] Job completed: 70
2026-08-12 07:56:47,227 [WORKER] [INFO] Job claimed: 71
2026-08-12 07:56:47,227 [WORKER] [INFO] MT5 ID: 123456782 | Expiry: 2026-09-16 | Plan: Infinity Trader EA - Lifetime
2026-08-12 07:56:47,227 [WORKER] [INFO] Compilation started
[INFO] Starting compilation
[INFO] Source MQ5 template : C:\mt5-license-system\compiler\templates\bot.mq5
[INFO] MT5 ID              : 123456782
[INFO] Plan                : Infinity Trader EA - Lifetime
[INFO] Expiry (raw)        : '2026-09-16'
[INFO] Expiry (normalized) : 2026-09-16
[INFO] Output MQ5 : C:\mt5-license-system\compiler\output\InfinityTrader_123456782_2026-09-16.mq5
[INFO] Output EX5 : C:\mt5-license-system\compiler\output\InfinityTrader_123456782_2026-09-16.ex5
[INFO] Compilation successful
[INFO] EX5 generated : C:\mt5-license-system\compiler\output\InfinityTrader_123456782_2026-09-16.ex5
[INFO] EX5 size      : 6952 bytes
2026-08-12 07:56:48,046 [WORKER] [INFO] Compilation successful
2026-08-12 07:56:48,046 [WORKER] [INFO] EX5 generated: C:\mt5-license-system\compiler\output\InfinityTrader_123456782_2026-09-16.ex5 (6952 bytes)
2026-08-12 07:56:48,047 [WORKER] [INFO] MT5 deployment started
[INFO] ============================================================
2026-08-12 07:56:48,047 ============================================================
[INFO] Starting EX5 deployment
2026-08-12 07:56:48,047 Starting EX5 deployment
[INFO] ============================================================
2026-08-12 07:56:48,047 ============================================================
[INFO] Source EX5       : C:\mt5-license-system\compiler\output\InfinityTrader_123456782_2026-09-16.ex5
2026-08-12 07:56:48,047 Source EX5       : C:\mt5-license-system\compiler\output\InfinityTrader_123456782_2026-09-16.ex5
[INFO] Source size      : 6952 bytes
2026-08-12 07:56:48,047 Source size      : 6952 bytes
[INFO] Discovering MT5 data folder...
2026-08-12 07:56:48,047 Discovering MT5 data folder...
[INFO] Discovering MT5 data folder under: C:\Users\infinityadmin\AppData\Roaming\MetaQuotes\Terminal
2026-08-12 07:56:48,047 Discovering MT5 data folder under: C:\Users\infinityadmin\AppData\Roaming\MetaQuotes\Terminal
[INFO] Examined folders: ['Common', 'Community', 'D0E8209F77C8CF37AD8BF550E51FF075']
2026-08-12 07:56:48,050 Examined folders: ['Common', 'Community', 'D0E8209F77C8CF37AD8BF550E51FF075']
[INFO] Valid MT5 instances found: 1
2026-08-12 07:56:48,050 Valid MT5 instances found: 1
[INFO] Selected MT5 instance: D0E8209F77C8CF37AD8BF550E51FF075  (score=55)
2026-08-12 07:56:48,050 Selected MT5 instance: D0E8209F77C8CF37AD8BF550E51FF075  (score=55)
[INFO] MT5 data folder  : C:\Users\infinityadmin\AppData\Roaming\MetaQuotes\Terminal\D0E8209F77C8CF37AD8BF550E51FF075
2026-08-12 07:56:48,050 MT5 data folder  : C:\Users\infinityadmin\AppData\Roaming\MetaQuotes\Terminal\D0E8209F77C8CF37AD8BF550E51FF075
[INFO] Experts folder   : C:\Users\infinityadmin\AppData\Roaming\MetaQuotes\Terminal\D0E8209F77C8CF37AD8BF550E51FF075\MQL5\Experts
2026-08-12 07:56:48,050 Experts folder   : C:\Users\infinityadmin\AppData\Roaming\MetaQuotes\Terminal\D0E8209F77C8CF37AD8BF550E51FF075\MQL5\Experts
[INFO] origin.txt points to MT5 install: C:\Program Files\MetaTrader 5
2026-08-12 07:56:48,050 origin.txt points to MT5 install: C:\Program Files\MetaTrader 5
[INFO] Destination path : C:\Users\infinityadmin\AppData\Roaming\MetaQuotes\Terminal\D0E8209F77C8CF37AD8BF550E51FF075\MQL5\Experts\InfinityTrader_123456782_2026-09-16.ex5
2026-08-12 07:56:48,051 Destination path : C:\Users\infinityadmin\AppData\Roaming\MetaQuotes\Terminal\D0E8209F77C8CF37AD8BF550E51FF075\MQL5\Experts\InfinityTrader_123456782_2026-09-16.ex5
[INFO] Destination file already exists — will overwrite safely
2026-08-12 07:56:48,051 Destination file already exists — will overwrite safely
[INFO] Calculating source SHA-256...
2026-08-12 07:56:48,051 Calculating source SHA-256...
[INFO] Source SHA-256   : 066f4bdd528d5b62a507e7f0af62789b6ba2af11b9001081343d1b2b6f46d6b6
2026-08-12 07:56:48,051 Source SHA-256   : 066f4bdd528d5b62a507e7f0af62789b6ba2af11b9001081343d1b2b6f46d6b6
[INFO] Copying EX5 with shutil.copy2()...
2026-08-12 07:56:48,051 Copying EX5 with shutil.copy2()...
[INFO] Destination size : 6952 bytes
2026-08-12 07:56:48,052 Destination size : 6952 bytes
[INFO] File sizes match [OK]
2026-08-12 07:56:48,052 File sizes match [OK]
[INFO] Calculating destination SHA-256...
2026-08-12 07:56:48,052 Calculating destination SHA-256...
[INFO] Destination SHA-256: 066f4bdd528d5b62a507e7f0af62789b6ba2af11b9001081343d1b2b6f46d6b6
2026-08-12 07:56:48,061 Destination SHA-256: 066f4bdd528d5b62a507e7f0af62789b6ba2af11b9001081343d1b2b6f46d6b6
[INFO] SHA-256 hashes match [OK]
2026-08-12 07:56:48,061 SHA-256 hashes match [OK]
[SUCCESS] EX5 deployment completed
2026-08-12 07:56:48,061 EX5 deployment completed
[INFO] ============================================================
2026-08-12 07:56:48,061 ============================================================
2026-08-12 07:56:48,061 [WORKER] [INFO] MT5 deployment successful
2026-08-12 07:56:48,062 [WORKER] [INFO] Deployed to: C:\Users\infinityadmin\AppData\Roaming\MetaQuotes\Terminal\D0E8209F77C8CF37AD8BF550E51FF075\MQL5\Experts\InfinityTrader_123456782_2026-09-16.ex5
2026-08-12 07:56:48,062 [WORKER] [INFO] Size: 6952 bytes | SHA-256 match: True
2026-08-12 07:56:48,062 [WORKER] [INFO] Upload started
2026-08-12 07:56:50,180 [WORKER] [INFO] Upload successful
2026-08-12 07:56:50,180 [WORKER] [SUCCESS] Job completed: 71
2026-08-12 07:57:08,067 [WORKER] [ERROR] Job 72 has no expiry_date — cannot compile. Reporting failure.
2026-08-12 07:57:08,807 [WORKER] [INFO] Failure reported to API for job 72
2026-08-12 07:57:20,707 [WORKER] [ERROR] Job 73 has no expiry_date — cannot compile. Reporting failure.
2026-08-12 07:57:21,713 [WORKER] [INFO] Failure reported to API for job 73
2026-08-12 07:58:09,363 [WORKER] [ERROR] Job 74 has no expiry_date — cannot compile. Reporting failure.
2026-08-12 07:58:10,329 [WORKER] [INFO] Failure reported to API for job 74
